1e-09,0.49718227648258,0.25282566308956,0.249992060427859,0.249992060427859,0.247190216054721,0.999999999415038
1.02807322383086e-09,0.497103024632919,0.252905367839858,0.249991607527223,0.249991607527223,0.247111417105696,0.99999999939869
1.05693455355799e-09,0.497021539518065,0.252987331715462,0.249991128766473,0.249991128766473,0.247030410751591,0.999999999381887
1.0866061138546e-09,0.496937757971933,0.25307161936118,0.249990622666887,0.249990622666887,0.246947135305046,0.999999999364617
1.11711065050482e-09,0.496851615029016,0.253158297305979,0.249990087665005,0.249990087665005,0.246861527364011,0.999999999346866
1.14847154784029e-09,0.496763043872436,0.253247434019807,0.249989522107758,0.249989522107758,0.246773521764678,0.999999999328622
1.18071284666619e-09,0.496671975780468,0.253339099972215,0.249988924247317,0.249988924247317,0.246683051533151,0.999999999309872
1.21385926269063e-09,0.496578340071479,0.253433367692877,0.249988292235643,0.249988292235644,0.246590047835836,0.9999999992906
1.24793620547131e-09,0.496482064047237,0.25353031183404,0.249987624118723,0.249987624118723,0.246494439928513,0.999999999270793
1.28296979789415e-09,0.49638307293454,0.253630009234992,0.249986917830469,0.249986917830469,0.246396155104071,0.999999999250437
1.31898689619867e-09,0.496281289825116,0.253732538988615,0.249986171186269,0.249986171186269,0.246295118638846,0.999999999229515
1.35601511056563e-09,0.496176635613738,0.253837982510097,0.249985381876166,0.249985381876166,0.246191253737572,0.999999999208013
1.39408282628258e-09,0.496069028934496,0.253946423607871,0.249984547457633,0.249984547457633,0.246084481476863,0.999999999185915
1.43321922550358e-09,0.495958386095179,0.254057948556879,0.249983665347943,0.249983665347942,0.245974720747236,0.999999999163204
1.47345430961984e-09,0.495844621009695,0.25417264617422,0.249982732816085,0.249982732816086,0.24586188819361,0.999999999139864
1.51481892225835e-09,0.495727645128484,0.254290607897293,0.249981746974223,0.249981746974223,0.245745898154261,0.999999999115877
1.55734477292614e-09,0.495607367366848,0.254411927864506,0.249980704768647,0.249980704768647,0.245626662598201,0.999999999091226
1.60106446131832e-09,0.495483694031141,0.25453670299865,0.249979602970209,0.249979602970209,0.245504091060932,0.999999999065892
1.64601150230855e-09,0.495356528742755,0.25466503309304,0.249978438164205,0.249978438164205,0.24537809057855,0.999999999039858
1.69222035164104e-09,0.495225772359823,0.254797020900515,0.249977206739662,0.249977206739663,0.24524856562016,0.999999999013103
1.7397264323438e-09,0.495091322896581,0.25493277222541,0.249975904878009,0.249975904878009,0.245115418018573,0.999999998985609
1.78856616188346e-09,0.494953075440313,0.255072396018601,0.249974528541086,0.249974528541086,0.244978546899227,0.999999998957355
1.83877698008233e-09,0.49481092206579,0.255216004475747,0.249973073458463,0.249973073458463,0.244837848607327,0.999999998928321
1.89039737781922e-09,0.494664751747151,0.255363713138834,0.249971535114015,0.249971535114015,0.244693216633136,0.999999998898485
1.94346692653602e-09,0.494514450267126,0.255515641001158,0.249969908731716,0.249969908731716,0.244544541535409,0.999999998867826
1.99802630857255e-09,0.494359900123521,0.255671910615863,0.249968189260616,0.249968189260616,0.244391710862906,0.999999998836321
2.05411734835306e-09,0.494200980432896,0.255832648208178,0.249966371358926,0.249966371358926,0.24423460907397,0.999999998803948
2.11178304444824e-09,0.494037566831322,0.25599798379148,0.249964449377198,0.249964449377198,0.244073117454125,0.999999998770682
2.17106760253726e-09,0.493869531372155,0.256168051287342,0.249962417340503,0.249962417340503,0.243907114031651,0.999999998736501
2.23201646929523e-09,0.493696742420709,0.256342988649702,0.24996026892959,0.24996026892959,0.243736473491119,0.999999998701379
2.29467636723194e-09,0.493519064545756,0.256522937993317,0.249957997460927,0.249957997460927,0.243561067084829,0.999999998665291
2.35909533050864e-09,0.493336358407731,0.256708045726673,0.249955595865595,0.249955595865595,0.243380762542136,0.999999998628211
2.42532274176036e-09,0.49314848064356,0.256898462689502,0.249953056666938,0.249953056666938,0.243195423976622,0.999999998590113
2.49340936995188e-09,0.492955283747991,0.2570943442951,0.249950371956909,0.249950371956909,0.243004911791082,0.999999998550968
2.56340740929651e-09,0.492756615951333,0.257295850677625,0.249947533371042,0.249947533371042,0.242809082580292,0.99999999851075
2.63537051926739e-09,0.492552321093489,0.257503146844563,0.249944532061948,0.249944532061948,0.242607789031542,0.999999998469429
2.70935386573205e-09,0.492342238494156,0.257716402834572,0.249941358671272,0.249941358671272,0.242400879822885,0.999999998426976
2.78541416324176e-09,0.492126202819098,0.257935793880901,0.249938003300001,0.249938003300001,0.242188199519096,0.99999999838336
2.86360971850811e-09,0.49190404394235,0.25816150058061,0.24993445547704,0.249934455477041,0.241969588465309,0.999999998338552
2.94400047510004e-09,0.491675586804248,0.258393709069813,0.249930704125939,0.249930704125939,0.241744882678309,0.999999998292518
3.0266480593957e-09,0.49144065126514,0.258632611205183,0.249926737529677,0.249926737529677,0.241513913735463,0.999999998245227
3.11161582782436e-09,0.491199051954662,0.25887840475196,0.249922543293377,0.249922543293377,0.241276508661285,0.999999998196645
3.19896891543454e-09,0.49095059811644,0.25913129357872,0.24991810830484,0.24991810830484,0.241032489811601,0.999999998146739
3.28877428582551e-09,0.490695093448078,0.259391487859174,0.249913418692748,0.249913418692748,0.24078167475533,0.999999998095473
3.38110078248068e-09,0.490432335936298,0.25965920428127,0.249908459782432,0.249908459782432,0.240523876153866,0.999999998042812
3.47601918154197e-09,0.490162117687086,0.259934666263888,0.249903216049026,0.249903216049026,0.24025890163806,0.999999997988718
3.57360224606578e-09,0.489884224750697,0.260218104181426,0.249897671067877,0.249897671067877,0.23998655368282,0.999999997933155
3.67392478180208e-09,0.489598436941367,0.260509755596602,0.249891807462031,0.249891807462031,0.239706629479336,0.999999997876083
3.77706369453937e-09,0.489304527651586,0.260809865501775,0.249885606846639,0.24988560684664,0.239418920804946,0.999999997817465
3.88309804905961e-09,0.48900226366077,0.261118686569142,0.249879049770089,0.249879049770088,0.239123213890681,0.999999997757258
3.99210912974805e-09,0.488691404938176,0.261436479410161,0.249872115651662,0.249872115651662,0.238819289286514,0.999999997695422
4.10418050290471e-09,0.488371704439905,0.261763512844557,0.249864782715538,0.249864782715538,0.238506921724367,0.999999997631915
4.21939808080502e-09,0.488042907899812,0.262100064179297,0.249857027920892,0.249857027920892,0.23818587997892,0.999999997566694
4.33785018755898e-09,0.487704753614185,0.26244641949793,0.249848826887885,0.249848826887885,0.2378559267263,0.999999997499715
4.45962762681909e-09,0.487356972220004,0.262802873960705,0.249840153819292,0.249840153819292,0.237516818400712,0.999999997430931
4.58482375138911e-09,0.486999286466617,0.263169732115884,0.249830981417499,0.249830981417499,0.237168305049118,0.999999997360298
4.71353453478692e-09,0.486631410980675,0.263547308222705,0.249821280796621,0.249821280796621,0.236810130184054,0.999999997287768
4.8458586448165e-09,0.486253052024141,0.263935926586436,0.249811021389422,0.249811021389422,0.236442030634719,0.999999997213292
4.98189751920517e-09,0.485863907245217,0.264335921906024,0.249800170848758,0.249800170848758,0.236063736396459,0.999999997136822
5.12175544336424e-09,0.485463665422009,0.264747639634796,0.249788694943195,0.249788694943195,0.235674970478815,0.999999997058306
5.26553963033276e-09,0.485052006198775,0.265171436354751,0.249776557446474,0.249776557446474,0.235275448752301,0.999999996977694
5.41336030296538e-09,0.484628599814583,0.265607680164955,0.249763720020462,0.249763720020462,0.234864879794121,0.999999996894932
5.56533077842764e-09,0.484193106824224,0.26605675108459,0.249750142091186,0.249750142091186,0.234442964733038,0.999999996809968
5.72156755506324e-09,0.483745177811219,0.266519041471212,0.249735780717569,0.249735780717569,0.23400939709365,0.999999996722745
5.88219040169997e-09,0.483284453092775,0.266994956454807,0.249720590452417,0.249720590452417,0.233563862640358,0.999999996633209
6.04732244946265e-09,0.482810562416543,0.267484914388236,0.249704523195221,0.249704523195221,0.233106039221322,0.999999996541302
6.21709028616383e-09,0.482323124649041,0.267989347314681,0.249687528036278,0.249687528036278,0.232635596612763,0.999999996446965
6.39162405334401e-09,0.481821747455628,0.26850870145273,0.249669551091641,0.249669551091641,0.232152196363987,0.99999999635014
6.57105754603627e-09,0.481306026971911,0.269043437699738,0.249650535328351,0.249650535328351,0.23165549164356,0.999999996250765
6.75552831533164e-09,0.480775547466484,0.269594032154126,0.24963042037939,0.24963042037939,0.231145127087094,0.99999999614878
6.94517777382369e-09,0.480229880994929,0.270160976657307,0.249609142347764,0.249609142347764,0.230620738647165,0.99999999604412
7.14015130401339e-09,0.479668587045019,0.270744779355897,0.249586633599085,0.249586633599085,0.230081953445934,0.999999995936723
7.3405983697572e-09,0.479091212173076,0.271345965284938,0.249562822541987,0.249562822541987,0.229528389631089,0.999999995826523
7.5466726308439e-09,0.478497289631494,0.271965076972819,0.249537633395687,0.249537633395687,0.228959656235807,0.999999995713454
7.75853206078784e-09,0.477886338987427,0.272602675068621,0.249510985943953,0.249510985943953,0.228375353043474,0.999999995597447
7.97633906792928e-09,0.477257865732717,0.27325933899258,0.249482795274704,0.249482795274704,0.227775070458013,0.999999995478436
8.20026061993413e-09,0.476611360885144,0.273935667610414,0.249452971504442,0.249452971504442,0.227158389380702,0.999999995356349
8.43046837178897e-09,0.47594630058115,0.274632279932197,0.249421419486653,0.249421419486653,0.226524881094497,0.999999995231116
8.66713879738922e-09,0.47526214566022,0.275349815836487,0.249388038503293,0.249388038503293,0.225874107156927,0.999999995102666
8.9104533248215e-09,0.474558341241175,0.276088936820409,0.249352721938416,0.249352721938416,0.22520561930276,0.999999994970926
9.16059847544369e-09,0.473834316290695,0.276850326776336,0.249315356932969,0.249315356932968,0.224518959357726,0.99999999483582
9.41776600686954e-09,0.473089483184444,0.277634692795825,0.24927582401973,0.24927582401973,0.223813659164714,0.999999994697276
9.6821530599671e-09,0.472323237261292,0.278442766001389,0.249233996737319,0.249233996737319,0.223089240523972,0.999999994555217
9.95396230998424e-09,0.471534956371167,0.279275302406672,0.249189741222161,0.249189741222161,0.222345215149006,0.999999994409566
1.02334021219164e-08,0.470724000417231,0.280133083805517,0.249142915777252,0.249142915777252,0.221581084639978,0.999999994260245
1.05206867102362e-08,0.469889710893128,0.281016918690349,0.249093370416523,0.249093370416523,0.220796340476604,0.999999994107178
1.08160363031071e-08,0.469031410416243,0.281927643200213,0.249040946383543,0.249040946383543,0.2199904640327,0.999999993950283
1.1119677311207e-08,0.468148402258005,0.28286612209871,0.248985475643285,0.248985475643285,0.219162926614721,0.999999993789481
1.14318425012915e-08,0.467239969872443,0.283833249781939,0.248926780345618,0.248926780345618,0.218313189526825,0.999999993624693
1.17527711746295e-08,0.466305376424399,0.284829951316432,0.248864672259168,0.248864672259168,0.217440704165231,0.999999993455837
1.20827093504478e-08,0.465343864318974,0.285857183506888,0.248798952174138,0.248798952174138,0.216544912144837,0.999999993282832
1.24219099545262e-08,0.46435465473401,0.28691593599332,0.248729409272671,0.248729409272671,0.215625245461339,0.999999993105597
1.27706330130864e-08,0.46333694715766,0.288007232377025,0.248655820465315,0.248655820465315,0.214681126692345,0.999999992924049
1.31291458521247e-08,0.46228991893337,0.289132131374507,0.248577949692123,0.248577949692123,0.213711969241246,0.999999992738106
1.34977233023394e-08,0.461212724814871,0.290291727998197,0.248495547186932,0.248495547186932,0.212717177627939,0.999999992547687
1.38766479098131e-08,0.460104496534144,0.291487154762488,0.248408348703368,0.248408348703368,0.211696147830776,0.999999992352709
1.42662101526074e-08,0.458964342385648,0.292719582913192,0.248316074701159,0.248316074701159,0.210648267684489,0.999999992153092
1.46667086634397e-08,0.457791346830532,0.293990223678114,0.248218429491354,0.248218429491354,0.209572917339178,0.999999991948754
1.50784504586105e-08,0.456584570124968,0.29530032953591,0.248115100339122,0.248115100339122,0.208469469785847,0.999999991739615
1.55017511733577e-08,0.455343047977251,0.29665119549985,0.248005756522899,0.248005756522899,0.207337291454351,0.999999991525595
1.59369353038178e-08,0.454065791238814,0.298044160412454,0.247890048348732,0.247890048348732,0.206175742890082,0.999999991306616
1.63843364557798e-08,0.452751785634926,0.29948060824625,0.247767606118823,0.247767606118823,0.204984179516103,0.9999999910826
1.68442976004231e-08,0.451399991541453,0.300961969405072,0.247638039053475,0.247638039053475,0.203761952487978,0.999999990853473
1.73171713372335e-08,0.450009343814761,0.302489722019421,0.247500934165818,0.247500934165818,0.202508409648944,0.999999990619159
1.78033201643011e-08,0.448578751682635,0.304065393228368,0.247355855088997,0.247355855088997,0.201222896593638,0.999999990379587
1.83031167562061e-08,0.447107098704868,0.305690560439313,0.247202340855819,0.247202340855819,0.199904757849048,0.999999990134687
1.88169442497056e-08,0.445593242813122,0.307366852555659,0.247039904631219,0.247039904631219,0.198553338181902,0.999999989884393
1.93451965374404e-08,0.444036016440616,0.309095951160985,0.246868032398399,0.246868032398399,0.197167984042217,0.999999989628638
1.98882785698881e-08,0.442434226753256,0.31087959164674,0.246686181600004,0.246686181600004,0.195748045153252,0.999999989367365
2.04466066657912e-08,0.44078665599497,0.312719564268687,0.246493779736343,0.246493779736343,0.194292876258627,0.999999989100515
2.10206088313016e-08,0.439092061961229,0.314617715115372,0.246290222923399,0.246290222923399,0.192801839037829,0.999999988828034
2.16107250880838e-08,0.437349178616045,0.316575946969747,0.246074874414208,0.246074874414208,0.191274304201837,0.999999988549875
2.22174078106288e-08,0.435556716869145,0.318596220042668,0.245847063088187,0.245847063088187,0.189709653780957,0.999999988265995
2.28411220730383e-08,0.43371336553148,0.320680552554421,0.245606081914099,0.245606081914099,0.18810728361738,0.999999987976354
2.34823460055428e-08,0.43181779246882,0.322831021137543,0.245351186393637,0.245351186393637,0.186466606075183,0.99999998768092
2.41415711610302e-08,0.4298686459748,0.325049761031145,0.245081592994055,0.245081592994055,0.184787052980745,0.999999987379669
2.48193028918626e-08,0.427864556386502,0.327338966033555,0.244796477579943,0.244796477579943,0.183068078806559,0.999999987072581
2.55160607372719e-08,0.425804137967412,0.329700888176503,0.244494973856085,0.244494973856085,0.181309164111327,0.999999986759645
2.62323788216312e-08,0.423685991084383,0.332137837080179,0.244176171835438,0.244176171835438,0.179509819248945,0.999999986440859
2.69688062639069e-08,0.421508704707041,0.334652178944371,0.243839116348588,0.243839116348588,0.177669588358453,0.999999986116228
2.77259075986048e-08,0.419270859259866,0.337246335126507,0.243482805613627,0.243482805613627,0.175788053646239,0.999999985785768
2.85042632085343e-08,0.416971029858883,0.339922780252867,0.243106189888249,0.243106189888249,0.173864839970634,0.999999985449505
2.93044697697214e-08,0.414607789966567,0.34268403980445,0.242708170228983,0.242708170228983,0.171899619737583,0.999999985107475
3.01271407088116e-08,0.412179715499982,0.34553268711412,0.242287597385898,0.242287597385898,0.169892118114085,0.999999984759728
3.09729066733141e-08,0.40968538942845,0.34847133970675,0.2418432708648,0.2418432708648,0.167842118563649,0.999999984406323
3.18424160150466e-08,0.407123406897915,0.351502654909176,0.241373938192909,0.241373938192909,0.165749468705006,0.999999984047335
3.27363352871525e-08,0.404492380919723,0.354629324652099,0.240878294428178,0.240878294428178,0.163614086491545,0.999999983682851
3.36553497550709e-08,0.401790948661446,0.357854069381682,0.240354981956873,0.240354981956873,0.161435966704573,0.999999983312976
3.46001639218511e-08,0.399017778376741,0.361179630994682,0.239802590628577,0.239802590628576,0.159215187748165,0.999999982937826
3.55715020682138e-08,0.396171577009698,0.364608764707836,0.239219658282466,0.239219658282466,0.156951918727233,0.999999982557537
3.65701088077749e-08,0.393251098506628,0.368144229770007,0.238604671723365,0.238604671723365,0.154646426783262,0.99999998217226
3.75967496578547e-08,0.390255152864592,0.371788778924774,0.237956068210634,0.237956068210634,0.152299084653958,0.999999981782166
3.86522116263126e-08,0.387182615940918,0.375545146531898,0.237272237527184,0.237272237527184,0.149910378413734,0.999999981387443
3.97373038148561e-08,0.384032440041265,0.37941603525898,0.236551524699755,0.236551524699755,0.14748091534151,0.999999980988297
4.08528580392857e-08,0.380803665295366,0.38340410125999,0.235792233444645,0.235792233444645,0.145011431850721,0.999999980584957
4.19997294671531e-08,0.377495431818971,0.38751193776575,0.234992630415279,0.234992630415279,0.142502801403693,0.999999980177671
4.31787972733202e-08,0.374106992647738,0.391742057023415,0.234150950328847,0.234150950328847,0.139956042318891,0.999999979766708
4.43909653139217e-08,0.370637727413442,0.396096870538015,0.233265402048543,0.233265402048543,0.1373723253649,0.999999979352358
4.56371628192476e-08,0.36708715671495,0.400578667589889,0.232334175695161,0.232334175695161,0.134752981019789,0.999999978934932
4.6918345106078e-08,0.363454957115614,0.405189592027709,0.231355450856677,0.231355450856677,0.132099506258937,0.999999978514765
4.82354943100147e-08,0.359740976675229,0.409931617368384,0.230327405956387,0.230327405956387,0.129413570718842,0.99999997809221
4.95896201383721e-08,0.355945250898404,0.414806520272743,0.229248228828854,0.229248228828854,0.12669702206955,0.999999977667646
5.09817606442043e-08,0.352068018952429,0.419815852509728,0.228116128537843,0.228116128537843,0.123951890414586,0.999999977241469
5.24129830220606e-08,0.348109739976788,0.424960911571938,0.226929348451275,0.226929348451275,0.121180391525513,0.999999976814098
5.38843844260822e-08,0.344071109273963,0.430242710161421,0.225686180564617,0.225686180564617,0.118384928709346,0.99999997638597
5.5397092811064e-08,0.339953074137942,0.435661944826007,0.224384981036051,0.224384981036051,0.115568093101891,0.99999997595754
5.69522677971282e-08,0.335756849043823,0.441218964092144,0.223024186864033,0.223024186864033,0.112732662179789,0.999999975529282
5.85511015586724e-08,0.331483929890492,0.446913736508666,0.221602333600842,0.221602333600842,0.109881596289649,0.999999975101685
6.01948197382727e-08,0.327136106960057,0.452745819085052,0.220118073954891,0.220118073954891,0.107018033005165,0.999999974675249
6.18846823862438e-08,0.322715476234258,0.458714326675047,0.218570197090695,0.218570197090695,0.104145279143564,0.999999974250488
6.3621984926575e-08,0.318224448691511,0.464817902918795,0.216957648389694,0.216957648389694,0.101266800301817,0.999999973827924
6.54080591499826e-08,0.313665757200478,0.471054693410367,0.215279549389155,0.215279549389155,0.0983862078113227,0.999999973408085
6.72442742348425e-08,0.309042460629237,0.47742232179884,0.213535217571923,0.213535217571923,0.095507243057314,0.999999972991502
6.91320377967813e-08,0.304357944805073,0.483917869555685,0.211724185639242,0.211724185639242,0.0926337591658305,0.999999972578704
7.10727969677341e-08,0.299615919990183,0.490537860145296,0.209846219864521,0.209846219864521,0.0897697001256626,0.99999997217022
7.30680395052951e-08,0.294820414584352,0.49727824831519,0.207901337100458,0.207901337100458,0.0869190774838944,0.999999971766568
7.51192949332097e-08,0.289975764827229,0.504134415174815,0.205889819997956,0.205889819997956,0.0840859448292733,0.999999971368257
7.72281357138864e-08,0.285086600349928,0.511101169655071,0.203812229995001,0.203812229995001,0.0812743703549269,0.999999970975782
7.93961784538228e-08,0.280157825516862,0.518172756833903,0.201669417649236,0.201669417649236,0.0784884078676261,0.999999970589618
8.16250851428724e-08,0.275194596601698,0.525342873477791,0.199462529920511,0.199462529920511,0.0757320666811872,0.999999970210219
8.39165644283016e-08,0.270202294952683,0.532604690987508,0.197193014059809,0.197193014059809,0.0730092808928743,0.999999969838013
8.62723729246145e-08,0.265186496418069,0.53995088575388,0.194862617828051,0.194862617828051,0.0703238785900174,0.9999999694734
8.8694316560147e-08,0.260152937416999,0.547373676732112,0.192473385850889,0.192473385850888,0.0676795515661106,0.999999969116749
9.11842519614656e-08,0.255107478149494,0.554864869839609,0.190027652010896,0.190027652010896,0.0650798261385983,0.999999968768393
9.374408787663e-08,0.250056063535642,0.562415908581298,0.18752802788306,0.18752802788306,0.062528035652582,0.99999996842863
9.63757866384109e-08,0.245004682553543,0.570017930117965,0.184977387328492,0.184977387328492,0.0600272952250514,0.99999996809772
9.90813656685867e-08,0.23995932670349,0.577661825826521,0.18237884746999,0.18237884746999,0.0575804792335002,0.999999967775884
1.01862899024469e-07,0.234925948358869,0.585338305265039,0.179735746376092,0.179735746376092,0.055190201982777,0.999999967463302
1.04722518988844e-07,0.229910419770424,0.593037962356886,0.17705161787269,0.17705161787269,0.0528588018977345,0.999999967160114
1.07662417704549e-07,0.224918493469235,0.600751342552256,0.174330163978509,0.174330163978509,0.0505883294907261,0.999999966866422
1.10684848854941e-07,0.219955764766334,0.608469009714316,0.17157522551935,0.17157522551935,0.0483805392469839,0.999999966582285
1.13792129391531e-07,0.215027636975864,0.616181611510753,0.168790751513383,0.168790751513383,0.0462368854624819,0.999999966307726
1.16986641310131e-07,0.210139289898056,0.623879942167037,0.165980767934907,0.165980767934907,0.0441585219631495,0.999999966042733
1.20270833476851e-07,0.205295651992995,0.631555001549967,0.163149346457039,0.163149346457039,0.042146305535956,0.999999965787256
1.23647223505371e-07,0.200501376561637,0.6391980496922,0.160300573746163,0.160300573746163,0.0402008028154739,0.999999965541216
1.27118399686903e-07,0.195760822132427,0.646800656032303,0.15743852183527,0.15743852183527,0.0383223002971575,0.999999965304502
1.30687022974335e-07,0.191078037135603,0.654354742821611,0.154567220042786,0.154567220042786,0.0365108170928178,0.999999965076977
1.34355829022083e-07,0.186456748837662,0.661852622330243,0.151690628832095,0.151690628832095,0.0347661200055667,0.999999964858478
1.38127630283201e-07,0.181900356409485,0.669287027661831,0.148812615928684,0.148812615928684,0.0330877404808004,0.999999964648822
1.42005318165368e-07,0.17741192791627,0.676651137153006,0.145936934930725,0.145936934930725,0.0314749929855452,0.999999964447806
1.45991865247398e-07,0.172994200947621,0.68393859248376,0.143067206568619,0.143067206568619,0.0299269943790025,0.999999964255211
1.50090327557974e-07,0.168649586552817,0.691143510754481,0.140206902692702,0.140206902692702,0.0284426838601159,0.999999964070807
1.54303846918356e-07,0.164380176109325,0.698260490892232,0.137359332998443,0.137359332998443,0.0270208431108824,0.999999963894351
1.58635653350859e-07,0.160187750731265,0.705284614831744,0.134527634436992,0.134527634436992,0.025660116294273,0.999999963725591
1.63089067554933e-07,0.156073792817276,0.71221144397587,0.131714763206855,0.131714763206855,0.0243590296104211,0.99999996356427
1.6766750345277e-07,0.152039499342236,0.719037011477303,0.128923489180461,0.12892348918046,0.023116010161776,0.99999996341013
1.72374470806362e-07,0.148085796512461,0.72575781090023,0.126156392587309,0.126156392587309,0.0219294039251517,0.999999963262905
1.77213577908036e-07,0.144213355427117,0.732370781820046,0.123415862752836,0.123415862752836,0.0207974926742811,0.999999963122334
1.82188534346517e-07,0.140422608417595,0.738873292904114,0.12070409867829,0.12070409867829,0.0197185097393049,0.999999962988155
1.87303153850643e-07,0.136713765769377,0.745263122989856,0.118023111240767,0.118023111240767,0.0186906545286096,0.99999996286011
1.9256135721292e-07,0.133086832565921,0.751538440641138,0.11537472679294,0.11537472679294,0.017712105772981,0.999999962737941
1.97967175295133e-07,0.129541625429646,0.757697782622556,0.112760591947798,0.112760591947798,0.016781033481848,0.999999962621399
2.03524752118358e-07,0.126077788970037,0.763740031686323,0.11018217934364,0.11018217934364,0.0158956096263965,0.999999962510239
2.09238348039698e-07,0.122694811782381,0.769664394019925,0.107640794197694,0.107640794197694,0.0150540175846877,0.999999962404222
2.15112343018217e-07,0.119392041871805,0.775470376656284,0.105137581471911,0.105137581471911,0.0142544603998942,0.999999962303117
2.21151239972549e-07,0.116168701405804,0.781157765103161,0.102673533491035,0.102673533491034,0.0134951679147697,0.999999962206697
2.27359668232772e-07,0.113023900724048,0.786726601405837,0.100249497870115,0.100249497870115,0.0127744028539336,0.999999962114747
2.33742387089181e-07,0.109956651556693,0.792177162817563,0.0978661856257435,0.0978661856257435,0.01209046593095,0.999999962027056
2.40304289440697e-07,0.10696587942192,0.79750994121616,0.0955241793619207,0.0955241793619207,0.0114417000599988,0.999999961943422
2.47050405545683e-07,0.104050435189901,0.802725623372799,0.0932239414372996,0.0932239414372996,0.0108264937526018,0.999999961863653
2.53985906878073e-07,0.101209105814194,0.807825072150436,0.0909658220353704,0.0909658220353703,0.0102432837788237,0.999999961787562
2.61116110091746e-07,0.0984406242427474,0.812809308684489,0.0887500670727637,0.0887500670727637,0.00969055716998368,0.999999961714972
2.68446481096197e-07,0.0957436785297153,0.817679495577089,0.0865768258931955,0.0865768258931955,0.00916685263651979,0.999999961645711
2.75982639246618e-07,0.0931169201761726,0.822436921118197,0.0844461587056302,0.0844461587056302,0.00867076147054235,0.999999961579618
2.83730361651621e-07,0.09055897173303,0.827082984531972,0.0823580437349981,0.0823580437349981,0.00820092799803189,0.999999961516537
2.91695587601879e-07,0.0880684337031117,0.831619182234559,0.0803123840623294,0.0803123840623294,0.0077560496407823,0.999999961456321
2.99884423123102e-07,0.0856438907817548,0.836047095079717,0.0783090141385278,0.0783090141385278,0.00733487664322705,0.999999961398828
3.08303145656828e-07,0.0832839174766231,0.840368376561094,0.0763477059622831,0.0763477059622832,0.00693621151433992,0.999999961343924
3.16958208872612e-07,0.0809870831478887,0.844584741934196,0.0744281749179149,0.0744281749179148,0.00655890822997388,0.999999961291482
3.25856247615323e-07,0.0787519565096916,0.848697958216978,0.07255008527333,0.07255008527333,0.00620187123636156,0.99999996124138
3.35004082991314e-07,0.0765771096329984,0.852709835025108,0.0707130553418935,0.0707130553418934,0.00586405429110498,0.999999961193504
3.44408727597382e-07,0.0744611214887593,0.85662221619634,0.0689166623149005,0.0689166623149006,0.00554445917385878,0.999999961147743
3.54077390896527e-07,0.0724025810687291,0.860436972157628,0.0671604467736425,0.0671604467736425,0.00524213429508664,0.999999961103994
3.64017484744614e-07,0.0704000901195607,0.864155992988627,0.0654439168918128,0.0654439168918128,0.00495617322774792,0.999999961062158
3.74236629072198e-07,0.0684522655238672,0.86778118213582,0.0637665523403126,0.0637665523403127,0.00468571318355461,0.999999961022141
3.84742657725851e-07,0.0665577413599581,0.871314450732602,0.0621278079074395,0.0621278079074395,0.00442993345251861,0.999999960983856
3.9554362447347e-07,0.0647151706699194,0.874757712482038,0.0605271168480429,0.0605271168480429,0.00418805382187643,0.999999960947216
4.06647809178186e-07,0.0629232269636784,0.878112879060759,0.0589638939755626,0.0589638939755626,0.00395933298811589,0.999999960912144
4.18063724145576e-07,0.0611806054847022,0.881381856004319,0.0574375385109792,0.0574375385109792,0.00374306697372294,0.999999960878563
4.2980012064908e-07,0.05948602426103,0.884566539036335,0.055947436702635,0.055947436702635,0.00353858755839505,0.999999960846401
4.41865995638594e-07,0.0578382249634881,0.88766881080584,0.0544929642306724,0.0544929642306723,0.00334526073281572,0.99999996081559
4.54270598637404e-07,0.0562359735911438,0.890690537999342,0.0530734884095138,0.0530734884095138,0.00316248518163005,0.999999960786066
4.67023438832733e-07,0.0546780610023824,0.893633568796224,0.0516883702013932,0.0516883702013932,0.00298969080098917,0.999999960757768
4.80134292365345e-07,0.053163303308397,0.896499730638128,0.0503369660534751,0.0503369660534751,0.0028263372549219,0.999999960730638
4.93613209823792e-07,0.0516905421444044,0.899290828285021,0.0490186295705747,0.0490186295705747,0.00267191257382973,0.99999996070462
5.07470523949047e-07,0.0502586448325119,0.902008642132547,0.047732713034941,0.047732713034941,0.00252593179757095,0.999999960679662
5.21716857555435e-07,0.0488665044488775,0.904654926767131,0.0464785687839917,0.0464785687839917,0.00238793566488576,0.999999960655716
5.36363131673925e-07,0.047513039806622,0.907231409737061,0.0452555504563168,0.0452555504563168,0.00225748935030519,0.999999960632735
5.5142057392403e-07,0.0461971953648502,0.909739790519468,0.0440630141156817,0.0440630141156817,0.00213418124916853,0.999999960610672
5.66900727120743e-07,0.0449179410731379,0.912181739664662,0.0429003192622001,0.0429003192622,0.00201762181093781,0.999999960589488
5.82815458123084e-07,0.043674272159914,0.914558898100804,0.0417668297392821,0.0417668297392821,0.00190744242063184,0.999999960569141
5.99176966931061e-07,0.0424652088723254,0.916872876583248,0.0406619145444266,0.0406619145444266,0.00180329432789877,0.999999960549594
6.15997796038017e-07,0.0412897961743982,0.9191252552742,0.0395849485514013,0.0395849485514013,0.00170484762299692,0.99999996053081
6.33290840045511e-07,0.0401471034096088,0.921317583439533,0.0385353131508578,0.0385353131508578,0.00161179025875103,0.999999960512755
6.51069355548147e-07,0.0390362239333353,0.923451379250719,0.0375123968159461,0.0375123968159461,0.00152382711738922,0.999999960495397
6.69346971295867e-07,0.0379562747200844,0.925528129680871,0.0365155955990448,0.0365155955990448,0.00144067912103966,0.999999960478705
6.88137698641567e-07,0.0369063959498556,0.927549290484858,0.0355443135652868,0.0355443135652868,0.00136208238456877,0.99999996046265
7.07455942281988e-07,0.0358857505775322,0.929516286254308,0.0345979631681596,0.0345979631681596,0.00128778740937252,0.999999960447203
7.27316511300145e-07,0.034893523888756,0.931430510539171,0.033675965572073,0.0336759655720731,0.00121755831668299,0.999999960432338
7.47734630517758e-07,0.033928923045352,0.933293326028218,0.0327777509264297,0.0327777509264297,0.00115117211892228,0.99999996041803
7.68725952166374e-07,0.0329911766230174,0.935106064781586,0.0319027585953963,0.0319027585953963,0.00108841802762106,0.999999960404255
7.90306567886135e-07,0.0320795341436744,0.936870028509068,0.0310504373472573,0.0310504373472573,0.00102909679641711,0.999999960390991
8.12493021061405e-07,0.0311932656045989,0.938586488888461,0.0302202455069402,0.0302202455069401,0.000973020097658727,0.999999960378215
8.35302319502679e-07,0.0303316610061808,0.940256687918794,0.0294116510750251,0.0294116510750251,0.00092000993115568,0.999999960365907
8.58751948484518e-07,0.029494029879943,0.94188183830376,0.0286241318162971,0.0286241318162972,0.000869898063645886,0.999999960354047
8.82859884149515e-07,0.0286797008182362,0.943463123861105,0.0278571753206592,0.0278571753206592,0.000822525497576987,0.999999960342616
9.07644607288536e-07,0.0278880210068441,0.94500169995415,0.0271102790390061,0.0271102790390061,0.000777741967837976,0.999999960331597
9.33125117507824e-07,0.0271183557615667,0.946498693941982,0.0263829502964516,0.0263829502964515,0.000735405465115163,0.999999960320973
9.59320947793823e-07,0.0263700880696998,0.947955205645189,0.025674706285111,0.0256747062851111,0.000695381784588794,0.999999960310728
9.86252179486878e-07,0.025642618137197,0.949372307824336,0.0249850740384666,0.0249850740384666,0.000657544098730494,0.999999960300846
1.01393945767529e-06,0.0249353629421838,0.950751046668639,0.024313590389177,0.024313590389177,0.000621772553006765,0.999999960291312
1.04240400702156e-06,0.0242477557953837,0.952092442292572,0.0236598019120442,0.0236598019120441,0.000587953883339537,0.999999960282113
1.07166764803286e-06,0.0235792459079282,0.953397489238364,0.0230232648537073,0.0230232648537074,0.000555981054220889,0.999999960273235
1.10175281378839e-06,0.0229292979669329,0.954667156982559,0.022403545050508,0.022403545050508,0.000525752916424815,0.999999960264665
1.13268256713615e-06,0.0222973917191528,0.955902390444999,0.0218002178358483,0.0218002178358483,0.000497173883304536,0.999999960256392
1.16448061837269e-06,0.0216830215629628,0.957104110498783,0.0212128679382543,0.0212128679382543,0.000470153624708497,0.999999960248403
1.19717134341897e-06,0.0210856961488495,0.958273214479893,0.0206410893712573,0.0206410893712573,0.000444606777592143,0.999999960240687
1.23077980250667e-06,0.0205049379885527,0.95941057669534,0.0200844853161074,0.0200844853161074,0.000420452672445344,0.999999960233234
1.26533175938894e-06,0.0199402830729478,0.960517048928801,0.0195426679982508,0.0195426679982509,0.000397615074697023,0.999999960226034
1.30085370109057e-06,0.0193912804987202,0.961593460942858,0.0190152585584214,0.0190152585584214,0.000376021940298825,0.999999960219077
1.3373728582125e-06,0.0188574921038507,0.962640620977027,0.018501886919122,0.018501886919122,0.000355605184728777,0.999999960212354
1.37491722580642e-06,0.0183384921118989,0.963659316240896,0.0180021916472055,0.0180021916472055,0.000336300464693424,0.999999960205856
1.4135155848354e-06,0.0178338667850441,0.964650313401755,0.0175158198132009,0.0175158198132009,0.000318046971843166,0.999999960199574
1.4531975242369e-06,0.0173432140858246,0.965614359066201,0.0170424268479743,0.0170424268479743,0.000300787237850301,0.9999999601935
1.49399346360526e-06,0.0168661433474914,0.96655218025525,0.0165816763972588,0.0165816763972588,0.000284466950232562,0.999999960187627
1.5359346765109e-06,0.0164022749528801,0.967464484872577,0.0161332401745432,0.0161332401745432,0.000269034778336907,0.999999960181947
1.57905331447418e-06,0.0159512400216868,0.968351962165555,0.0156967978127581,0.0156967978127581,0.000254442208928754,0.999999960176453
1.62338243161228e-06,0.0155126801060251,0.969215283178811,0.0152720367151641,0.0152720367151641,0.000240643390861045,0.999999960171138
1.66895600997803e-06,0.0150862468941273,0.970055101200071,0.0148586519058021,0.014858651905802,0.000227594988325236,0.999999960165996
1.71580898561001e-06,0.0146716019220484,0.970872052198116,0.0144563458798356,0.0144563458798356,0.000215256042212826,0.99999996016102
1.76397727531405e-06,0.0142684162932222,0.971666755252697,0.014064828454081,0.014064828454081,0.000203587839141186,0.999999960156205
1.8134978041965e-06,0.0138763704057132,0.972439812976295,0.0136838166179918,0.0136838166179918,0.000192553787721451,0.999999960151544
1.86440853397049e-06,0.0134951536870064,0.973191811927656,0.0133130343853374,0.0133130343853374,0.000182119301668954,0.999999960147033
1.91674849205681e-06,0.0131244643361694,0.97392332301704,0.012952212646791,0.012952212646791,0.00017225168937838,0.999999960142665
1.9705578015018e-06,0.0127640090732248,0.974634901903157,0.0126010890236185,0.0126010890236185,0.000162920049606274,0.999999960138436
2.02587771173502e-06,0.0124135028955634,0.975327089381796,0.0122594077226404,0.0122594077226403,0.00015409517292307,0.999999960134341
2.08275063019052e-06,0.012072668841233,0.976000411766149,0.0119269193926177,0.0119269193926178,0.000145749448615243,0.999999960130375
2.14122015481573e-06,0.0117412377589341,0.976655381258868,0.0116033809821984,0.0116033809821984,0.000137856776735698,0.999999960126534
2.20133110749303e-06,0.0114189480845572,0.977292496315903,0.0112885555995401,0.0112885555995401,0.000130392485017085,0.999999960122813
2.26312956839953e-06,0.0111055456240945,0.97791224200219,0.010982212373716,0.010982212373716,0.000123333250378442,0.999999960119208
2.32666291133146e-06,0.0108007833427622,0.978515090339246,0.0106841263179918,0.0106841263179917,0.00011665702477043,0.999999960115716
2.39197984002024e-06,0.0105044211601714,0.979101500644776,0.0103940781950529,0.010394078195053,0.000110342965118467,0.999999960112331
2.45913042546804e-06,0.0102162257513859,0.979671919864365,0.0101118543842495,0.0101118543842495,0.000104371367136427,0.999999960109052
2.5281661443315e-06,0.00993597035370945,0.980226782895377,0.00983724675091334,0.00983724675091331,9.87236027961116e-05,0.999999960105874
2.59913991838293e-06,0.00966343457904642,0.980766512903157,0.00957005251779679,0.00957005251779683,9.33820612496359e-05,0.999999960102794
2.67210615507944e-06,0.00939840423168317,0.981291521629647,0.00931007413867005,0.00931007413867011,8.83300930131162e-05,0.999999960099808
2.74712078927081e-06,0.00914067113133972,0.981802209694551,0.00905711917410902,0.00905711917410905,8.35519572306944e-05,0.999999960096914
2.82424132607844e-06,0.00889003294134456,0.982298966889159,0.00881100016949659,0.00881100016949658,7.90327718479771e-05,0.999999960094108
2.90352688497781e-06,0.0086462930017888,0.982782172462956,0.00857153453525531,0.00857153453525535,7.47584665334896e-05,0.999999960091387
2.98503824511873e-06,0.00840926016751833,0.983252195403159,0.00833854442932262,0.00833854442932267,7.07157381957088e-05,0.999999960088749
3.06883789191764e-06,0.00817874865082653,0.983709394707299,0.0081118566418748,0.00811185664187479,6.68920089517286e-05,0.99999996008619
3.15499006495809e-06,0.00795457786871278,0.984154119648986,0.00789130248230116,0.00789130248230119,6.3275386411626e-05,0.999999960083709
3.24356080723581e-06,0.00773657229457563,0.984586710036999,0.00767671766842547,0.00767671766842543,5.98546261501619e-05,0.999999960081303
3.33461801578637e-06,0.0075245613142123,0.98500749646782,0.0074679422179677,0.00746794221796766,5.66190962445991e-05,0.999999960078969
3.42823149373397e-06,0.00731837908600007,0.985416800571764,0.00726482034223589,0.00726482034223587,5.35587437641779e-05,0.999999960076705
3.52447300380159e-06,0.00711786440513755,0.985814935252828,0.00706720034203439,0.00706720034203441,5.0664063103154e-05,0.999999960074508
3.62341632332315e-06,0.00692286057182772,0.9862022049224,0.00687493450577238,0.00687493450577243,4.79260660553335e-05,0.999999960072377
3.72513730080021e-06,0.00673321526328727,0.986578905726959,0.00668787900975355,0.00668787900975356,4.53362535337195e-05,0.99999996007031
3.82971391404628e-06,0.00654878040947025,0.986945325769904,0.006505893820626,0.00650589382062596,4.2886588844252e-05,0.999999960068304
3.93722632996347e-06,0.00636941207239683,0.987301745327634,0.00632884259996914,0.00632884259996913,4.05694724276913e-05,0.999999960066357
4.04775696599732e-06,0.00619497032898126,0.987648437060026,0.00615659261099278,0.00615659261099282,3.83777179884803e-05,0.999999960064469
4.16139055331671e-06,0.00602531915725595,0.987985666215422,0.00598901462732201,0.005989014627322,3.63045299339364e-05,0.999999960062636
4.27821420176762e-06,0.00586032632589132,0.988313690830269,0.00582598284383993,0.00582598284383992,3.43434820513876e-05,0.999999960060856
4.39831746665023e-06,0.00569986328691455,0.988632761923526,0.00566737478955965,0.00566737478955967,3.24884973548984e-05,0.99999996005913
4.5217924173707e-06,0.00554380507153224,0.988943123685973,0.00551307124249522,0.00551307124249517,3.07338290370244e-05,0.999999960057454
4.64873370802026e-06,0.00539203018896565,0.989245013664533,0.00536295614650102,0.00536295614650103,2.90740424646299e-05,0.999999960055827
4.7792386499356e-06,0.0052444205282092,0.989538662941743,0.00521691653004802,0.00521691653004804,2.7503998161186e-05,0.999999960054247
4.91340728629636e-06,0.00510086126262584,0.98982429631047,0.00507484242690467,0.00507484242690463,2.60188357211677e-05,0.999999960052714
5.05134246881677e-06,0.00496124075729533,0.990102132444015,0.00493662679869014,0.0049366267986901,2.46139586051845e-05,0.999999960051225
5.19314993659021e-06,0.00482545047903408,0.990372384061699,0.00480216545926675,0.00480216545926678,2.32850197673355e-05,0.99999996004978
5.33893839714736e-06,0.00469338490900737,0.990635258090054,0.00467135700093841,0.00467135700093837,2.20279080689632e-05,0.999999960048377
5.48881960978968e-06,0.00456494145785742,0.990890955819721,0.00454410272242189,0.00454410272242193,2.083873543553e-05,0.999999960047014
5.64290847126254e-06,0.00444002038327284,0.99113967305817,0.00442030655855711,0.00442030655855708,1.97138247157319e-05,0.999999960045691
5.80132310383338e-06,0.00431852470992734,0.99138160027835,0.00429987501172311,0.00429987501172312,1.8649698204236e-05,0.999999960044406
5.96418494584246e-06,0.00420036015171771,0.991616922763356,0.00418271708492615,0.00418271708492617,1.76430667915619e-05,0.999999960043159
6.13161884479577e-06,0.00408543503623319,0.99184582074724,0.00406874421652654,0.00406874421652655,1.6690819706649e-05,0.999999960041947
6.30375315307127e-06,0.00397366023139032,0.992068469552039,0.00395787021657076,0.00395787021657081,1.57900148195572e-05,0.99999996004077
6.48071982631197e-06,0.00386494907416953,0.992285039721134,0.00385001120469599,0.003850011204696,1.49378694735482e-05,0.999999960039627
6.66265452458115e-06,0.00375921730139149,0.992495697149035,0.00374508554957399,0.00374508554957399,1.41317518174974e-05,0.999999960038517
6.84969671635745e-06,0.00365638298247303,0.992700603207665,0.00364301380986184,0.00364301380986179,1.33691726111857e-05,0.999999960037439
7.0419897854493e-06,0.00355636645410473,0.992899914869268,0.00354371867662718,0.00354371867662718,1.2647777477544e-05,0.999999960036391
7.23968114091088e-06,0.00345909025679326,0.993093784825991,0.00344712491721591,0.00344712491721587,1.19653395773467e-05,0.999999960035374
7.44292233004376e-06,0.00336447907321411,0.993282361606255,0.0033531593205309,0.00335315932053084,1.13197526832092e-05,0.999999960034385
7.65186915457082e-06,0.00327245966832128,0.993465789687988,0.00326175064369027,0.00326175064369023,1.07090246310156e-05,0.999999960033425
7.86668179007157e-06,0.00318296083116268,0.993644209608803,0.00317282956003457,0.00317282956003459,1.01312711281117e-05,0.999999960032492
8.08752490877046e-06,0.00309591331835107,0.993817758073197,0.00308632860845234,0.00308632860845232,9.58470989873565e-06,0.999999960031586
8.31456780577206e-06,0.0030112497991423,0.993986568056864,0.00300218214399407,0.00300218214399411,9.0676551482348e-06,0.999999960030706
8.54798452884042e-06,0.00292890480207374,0.994150768908181,0.0029203262897451,0.00292032628974505,8.57851232863152e-06,0.99999996002985
8.78795401182133e-06,0.0028488146631174,0.994310486446954,0.00284069888992834,0.0028406988899283,8.11577318906273e-06,0.999999960029019
9.03466021181053e-06,0.00277091747530365,0.994465843060488,0.00276323946420813,0.00276323946420811,7.6780110955212e-06,0.999999960028211
9.2882922501725e-06,0.00269515303977251,0.99461695779706,0.00268788916316732,0.00268788916316733,7.26387660518493e-06,0.999999960027427
9.54904455751808e-06,0.00262146281821113,0.994763946456859,0.00261459072492971,0.00261459072492969,6.87209328142825e-06,0.999999960026664
9.81711702275218e-06,0.00254978988663717,0.994906921680462,0.0025432884329008,0.00254328843290081,6.50145373637252e-06,0.999999960025923
1.00927151463057e-05,0.0024800788904888,0.995045993034911,0.00247392807460024,0.00247392807460028,6.15081588855586e-06,0.999999960025203
1.03760501976691e-05,0.00241227600098365,0.995181267097457,0.00240645690155967,0.00240645690155966,5.81909942398303e-06,0.999999960024503
1.06673393773486e-05,0.00234632887270986,0.99531284753703,0.0023408235902604,0.00234082359026038,5.50528244946023e-06,0.999999960023823
1.09668059833687e-05,0.00228218660241346,0.995440835193501,0.00227697820408573,0.00227697820408574,5.20839832772869e-06,0.999999960023163
1.12746795824495e-05,0.00221979968894766,0.995565328154789,0.00221487215626318,0.00221487215626319,4.92753268448499e-06,0.99999996002252
1.15911961859889e-05,0.00215911999435039,0.995686421831877,0.00215445817377247,0.00215445817377244,4.66182057791971e-06,0.999999960021896
1.19165984309856e-05,0.00210010070601756,0.995804209031787,0.00209569026219564,0.00209569026219565,4.41044382191862e-06,0.99999996002129
1.22511357660412e-05,0.00204269629994042,0.995918780028574,0.00203852367148587,0.00203852367148587,4.1726284545562e-06,0.9999999600207
1.25950646425836e-05,0.00198686250497652,0.996030222632391,0.00198291486263255,0.00198291486263254,3.94764234396863e-06,0.999999960020127
1.2948648711459e-05,0.00193255626812434,0.996138622256675,0.00192882147520021,0.00192882147520017,3.73479292412691e-06,0.99999996001957
1.33121590250431e-05,0.00187973572077292,0.996244061983508,0.00187620229571948,0.00187620229571951,3.53342505343926e-06,0.999999960019029
1.36858742450252e-05,0.00182836014589844,0.996346622627193,0.00182501722690894,0.00182501722690892,3.34291898949928e-06,0.999999960018503
1.40700808560269e-05,0.00177838994618058,0.996446382796113,0.00177522725770692,0.00177522725770689,3.16268847366069e-06,0.999999960017991
1.44650733852165e-05,0.00172978661301239,0.996543418952895,0.00172679443409293,0.00172679443409294,2.99217891946574e-06,0.999999960017494
1.48711546280895e-05,0.00168251269637801,0.996637805472943,0.00167968183067873,0.00167968183067876,2.83086569927946e-06,0.999999960017011
1.52886358805873e-05,0.00163653177557345,0.996729614701377,0.00163385352304966,0.00163385352304967,2.67825252379148e-06,0.999999960016541
1.57178371777316e-05,0.00159180843074647,0.996818917008416,0.00158927456083713,0.00158927456083713,2.53386990933743e-06,0.999999960016084
1.61590875389592e-05,0.00154830821523202,0.996905780843264,0.00154591094150375,0.00154591094150378,2.39727372826827e-06,0.99999996001564
1.66127252203429e-05,0.00150599762866067,0.996990272786517,0.00150372958482282,0.0015037295848228,2.26804383785532e-06,0.999999960015209
1.70790979738943e-05,0.00146484409081797,0.997072457601147,0.00146269830803451,0.00146269830803454,2.14578278346565e-06,0.999999960014789
1.75585633141447e-05,0.00142481591623343,0.997152398282105,0.00142278580166146,0.00142278580166145,2.03011457197437e-06,0.999999960014382
1.80514887922111e-05,0.00138588228947832,0.997230156104555,0.00138396160596672,0.00138396160596667,1.92068351160048e-06,0.999999960013985
1.85582522775552e-05,0.00134801324115218,0.99730579067081,0.00134619608803762,0.00134619608803767,1.81715311456066e-06,0.9999999600136
1.90792422476527e-05,0.00131117962453853,0.997379359955982,0.0013094604194794,0.00130946041947943,1.71920505913163e-06,0.999999960013225
1.96148580857943e-05,0.00127535309291076,0.997450920352386,0.00127372655470287,0.00127372655470288,1.6265382078976e-06,0.999999960012861
2.01655103872475e-05,0.00124050607746981,0.997520526712739,0.00123896720979068,0.00123896720979069,1.53886767913462e-06,0.999999960012506
2.07316212740123e-05,0.00120661176589575,0.997588232392177,0.0012051558419273,0.00120515584192728,1.45592396844957e-06,0.999999960012162
2.13136247184144e-05,0.00117364408149589,0.997654089289126,0.00117226662937795,0.00117226662937797,1.37745211794833e-06,0.999999960011827
2.19119668757815e-05,0.00114157766293265,0.997718147885065,0.0011402744520023,0.00114027445200227,1.30321093035608e-06,0.999999960011502
2.25271064264598e-05,0.00111038784451462,0.997780457283196,0.00110915487228897,0.00110915487228896,1.23297222565258e-06,0.999999960011185
2.31595149274315e-05,0.00108005063703517,0.997841065246068,0.00107888411689725,0.0010788841168973,1.16652013791808e-06,0.999999960010878
2.38096771738036e-05,0.00105054270914299,0.997900018232164,0.00104943905869278,0.00104943905869277,1.10365045021036e-06,0.999999960010578
2.44780915704444e-05,0.00102184136922966,0.997957361431506,0.00102079719926425,0.0010207971992643,1.04416996541231e-06,0.999999960010287
2.51652705140539e-05,0.000993924547819672,0.998013138800272,0.00099293665190857,0.000992936651908569,9.87895911101119e-07,0.999999960010005
2.58717407859592e-05,0.000966770780448776,0.998067393094479,0.00096583612507218,0.000965836125072219,9.3465537659606e-07,0.99999996000973
2.65980439559376e-05,0.000940359191016935,0.998120165902747,0.000939474906236493,0.000939474906236517,8.84284780441968e-07,0.999999960009462
2.73447367973758e-05,0.000914669475602534,0.998171497678162,0.000913832846235854,0.000913832846235865,8.36629366680215e-07,0.999999960009202
2.81123917140846e-05,0.000889681886724912,0.998221427769278,0.000888890343996564,0.000888890343996619,7.91542728348336e-07,0.999999960008949
2.89015971790951e-05,0.000865377218042643,0.998269994450271,0.000864628331685909,0.000864628331685932,7.48886356734149e-07,0.999999960008704
2.97129581857733e-05,0.000841736789475348,0.998317234950264,0.000841028260260358,0.000841028260260398,7.0852921499021e-07,0.999999960008465
3.05470967115997e-05,0.000818742432737157,0.99836318548186,0.000818072085402367,0.000818072085402417,6.70347334789998e-07,0.999999960008232
3.14046521949675e-05,0.000796376477270327,0.998407881268894,0.000795742253835548,0.000795742253835547,6.34223434778902e-07,0.999999960008006
3.22862820253673e-05,0.000774621736567795,0.998451356573424,0.000774021690008154,0.000774021690008107,6.0004655964056e-07,0.999999960007786
3.31926620473319e-05,0.0007534614948738,0.998493644721991,0.000752893783135137,0.000752893783135108,5.67711738663154e-07,0.999999960007573
3.41244870785289e-05,0.000732879494252003,0.998534778131159,0.000732342374589252,0.000732342374589235,5.37119662750685e-07,0.999999960007365
3.50824714423979e-05,0.000712859922010844,0.998574788332357,0.000712351745631962,0.000712351745631912,5.08176378881479e-07,0.999999960007163
3.60673495157403e-05,0.000693387398476169,0.998613705996049,0.000692906605475099,0.000692906605475124,4.80793001070229e-07,0.999999960006966
3.70798762916817e-05,0.000674446965101433,0.998651560955234,0.000673992079664492,0.00067399207966446,4.54885436941019e-07,0.999999960006775
3.81208279584389e-05,0.000656024072906048,0.998688382228317,0.000655593698776981,0.000655593698776935,4.30374129067123e-07,0.999999960006589
3.9191002494334e-05,0.000638104571232772,0.998724198041345,0.000637697387422493,0.000637697387422515,4.07183810279158e-07,0.999999960006409
4.02912202795135e-05,0.000620674696815215,0.998759035849642,0.000620289453543029,0.000620289453543022,3.85243272186342e-07,0.999999960006233
4.1422324724839e-05,0.00060372106314684,0.998792922358853,0.000603356578000644,0.000603356578000629,3.6448514619658e-07,0.999999960006062
4.25851829184341e-05,0.000587230650143072,0.99882588354541,0.000586885804446712,0.000586885804446685,3.44845696359717e-07,0.999999960005896
4.37806862903817e-05,0.000571190794088357,0.998857944676447,0.000570864529464962,0.000570864529464913,3.26264623394943e-07,0.999999960005734
4.50097512960805e-05,0.000555589177860256,0.998889130329159,0.000555280492980958,0.000555280492980918,3.08684879297863e-07,0.999999960005577
4.62733201187869e-05,0.000540413821422869,0.998919464409646,0.000540121768930913,0.000540121768930946,2.92052491955537e-07,0.999999960005424
4.75723613918789e-05,0.0005256530725821,0.998948970171235,0.000525376756182872,0.000525376756182826,2.76316399228644e-07,0.999999960005276
4.89078709413959e-05,0.00051129559799552,0.998977670232301,0.00051103416970353,0.000511034169703484,2.61428291989295e-07,0.999999960005131
5.02808725494247e-05,0.000497330374429727,0.999005586593606,0.000497083031964096,0.000497083031964108,2.47342465630621e-07,0.99999996000499
5.1692418738916e-05,0.000483746680258366,0.999032740655163,0.000483512664578775,0.000483512664578736,2.34015679590455e-07,0.999999960004854
5.31435915805324e-05,0.000470534087194123,0.999059153232636,0.000470312680169666,0.000470312680169712,2.21407024456223e-07,0.999999960004721
5.46355035221488e-05,0.000457682452248197,0.9990848445733,0.000457472974451956,0.000457472974451979,2.0947779624151e-07,0.999999960004591
5.6169298241638e-05,0.000445181909910976,0.999109834371556,0.000444983718533529,0.000444983718533485,1.98191377446984e-07,0.999999960004466
5.77461515235983e-05,0.000433022864547754,0.999134141784029,0.000432835351423215,0.000432835351423206,1.87513124539253e-07,0.999999960004344
5.93672721606913e-05,0.000421195983003571,0.999157785444254,0.00042101857274207,0.000421018572742053,1.77410261501078e-07,0.999999960004225
6.10339028802862e-05,0.00040969218741135,0.999180783476956,0.000409524335632225,0.00040952433563227,1.67851779125072e-07,0.999999960004109
6.27473212971157e-05,0.000398502648197747,0.999203153511944,0.000398343839858006,0.000398343839858033,1.58808339740783e-07,0.999999960003996
6.4508840892677e-05,0.000387618777281205,0.999224912697625,0.000387468525094123,0.000387468525094094,1.5025218708177e-07,0.999999960003887
6.63198120221268e-05,0.000377032221456936,0.999246077714147,0.000376890064395921,0.000376890064395868,1.42157061015199e-07,0.999999960003781
6.81816229494448e-05,0.000366734855963626,0.99926666478619,0.000366600357846754,0.000366600357846734,1.34498116871406e-07,0.999999960003677
7.00957009116562e-05,0.000356718778226873,0.999286689695395,0.000356591526377747,0.000356591526377769,1.27251849125158e-07,0.999999960003576
7.20635132129306e-05,0.000346976301774463,0.99930616779247,0.000346855905755269,0.000346855905755258,1.20396019193664e-07,0.999999960003479
7.40865683493957e-05,0.000337499950318736,0.99932511400895,0.000337386040731607,0.000337386040731631,1.13909587129153e-07,0.999999960003384
7.61664171655289e-05,0.000328282452001434,0.999343542868644,0.000328174679354438,0.000328174679354436,1.07772646995806e-07,0.999999960003291
7.83046540430118e-05,0.000319316733796541,0.999361468498773,0.000319214767430808,0.00031921476743085,1.01966365732186e-07,0.999999960003201
8.05029181229597e-05,0.000310595916066769,0.999378904640792,0.000310499443141457,0.000310499443141411,9.64729253110739e-08,0.999999960003113
8.27628945624635e-05,0.000302113307269434,0.999395864660929,0.000302022031801415,0.000302022031801455,9.12754680187522e-08,0.999999960003028
8.50863158264058e-05,0.000293862398807617,0.999412361560429,0.000293776040762932,0.000293776040762931,8.63580446854091e-08,0.999999960002945
8.74749630155442e-05,0.000285836860022594,0.999428407985521,0.000285755154456887,0.000285755154456833,8.17055657074114e-08,0.999999960002865
8.99306672318761e-05,0.000278030533323649,0.999444016237107,0.000277953229568938,0.000277953229568916,7.73037547108121e-08,0.999999960002786
9.24553109823358e-05,0.000270437429451476,0.999459198280202,0.000270364290346762,0.000270364290346725,7.31391047135773e-08,0.99999996000271
9.50508296218951e-05,0.000263051722871507,0.999473965753094,0.000262982524034855,0.00026298252403483,6.91988366517221e-08,0.999999960002636
9.771921283718e-05,0.000255867747293559,0.999488329976273,0.000255802276433417,0.000255802276433425,6.54708601418163e-08,0.999999960002564
0.000100462506171734,0.000248879991314351,0.999502301961108,0.000248818047577992,0.000248818047577973,6.19437363592179e-08,0.999999960002494
0.000103282812594103,0.000242083094179488,0.999515892418284,0.00024202448753657,0.000242024487536532,5.86066429178919e-08,0.999999960002426
0.000106182294109938,0.000235471841661635,0.999529111766017,0.000235416392320991,0.000235416392321034,5.54493406438457e-08,0.999999960002359
0.000109163173419361,0.000229041162051676,0.999541970138039,0.000228988699909536,0.00022898869990952,5.246214214003e-08,0.999999960002295
0.000112227735620851,0.000222786122259756,0.999554477391362,0.00022273648637771,0.000222736486377749,4.96358820460788e-08,0.999999960002232
0.000115378329962966,0.00021670192402318,0.999566643113843,0.000216654962134279,0.000216654962134241,4.69618889014679e-08,0.999999960002171
0.000118617371645248,0.00021078390021823,0.999578476631522,0.000210739468259705,0.000210739468259664,4.44319585256127e-08,0.999999960002112
0.000121947343669674,0.000205027511273042,0.999589987015783,0.000204985472944209,0.000204985472944236,4.20383288330851e-08,0.999999960002054
0.000125370798744092,0.000199428341678769,0.999601183090298,0.000199388568022762,0.000199388568022792,3.97736560065565e-08,0.999999960001998
0.000128890361239089,0.000193982096596319,0.999612073437799,0.000193944465604364,0.000193944465604339,3.76309919542379e-08,0.999999960001943
0.000132508729199795,0.000188684598556059,0.999622666406651,0.000188648994793076,0.000188648994793069,3.56037629825486e-08,0.99999996000189
0.000136228676414165,0.000183531784247907,0.999632970117254,0.000183498098498288,0.000183498098498266,3.36857496184769e-08,0.999999960001839
0.000140053054539322,0.000178519701399347,0.999642992468269,0.000178487830331828,0.000178487830331832,3.18710675196372e-08,0.999999960001788
0.000143984795287601,0.000173644505738948,0.999652741142672,0.000173614351589535,0.000173614351589499,3.01541494133683e-08,0.99999996000174
0.000148026912673951,0.00016890245804303,0.999662223613642,0.000168873928315021,0.000168873928314983,2.8529728009385e-08,0.999999960001692
0.000152182505326439,0.000164289921263206,0.999671447150293,0.000164262928443373,0.000164262928443359,2.69928198334879e-08,0.999999960001646
0.00015645475886161,0.000159803357732572,0.999680418823245,0.000159777819022639,0.000159777819022663,2.55387099326673e-08,0.999999960001601
0.000160846948326536,0.000155439326448388,0.999689145510041,0.000155415163510983,0.00015541516351099,2.41629374046182e-08,0.999999960001557
0.000165362440709418,0.000151194480429148,0.999697633900423,0.00015117161914744,0.00015117161914742,2.28612817072159e-08,0.999999960001514
0.000170004697520672,0.000147065564144006,0.999705890501462,0.0001470439343943,0.000147043934394247,2.16297497059006e-08,0.999999960001473
0.000174777277446468,0.000143049411012559,0.999713921642538,0.000143028946449139,0.000143028946449191,2.0464563419186e-08,0.999999960001433
0.000179683839076772,0.000139142940973068,0.999721733480202,0.000139123578824643,0.000139123578824609,1.93621484246553e-08,0.999999960001394
0.000184728143709964,0.000135343158117235,0.999729332002888,0.000135324838994345,0.000135324838994383,1.83191228898359e-08,0.999999960001356
0.000189914058236194,0.000131647148389711,0.999736723035508,0.000131629816102517,0.000131629816102531,1.73322871942654e-08,0.999999960001319
0.000195245558101686,0.00012805207735056,0.999743912243913,0.000128035678736449,0.000128035678736427,1.63986141108768e-08,0.999999960001283
0.000200726730356257,0.000124555187998946,0.999750905139242,0.00012453967275943,0.000124539672759468,1.55152395165532e-08,0.999999960001248
0.000206361776786386,0.000121153798656383,0.999757707082141,0.00012113911920278,0.000121139119202772,1.46794536033239e-08,0.999999960001214
0.000212155017136245,0.000117845300907889,0.999764323286877,0.000117831412215326,0.000117831412215301,1.38886925632161e-08,0.999999960001181
0.000218110892419152,0.000114627157599477,0.999770758825332,0.000114614017068756,0.000114614017068794,1.31405307212272e-08,0.999999960001148
0.000224233968321985,0.000111496900890432,0.999777018630892,0.00011148446821734,0.000111484468217379,1.24326730922649e-08,0.999999960001117
0.000230528938705171,0.000108452130358867,0.999783107502231,0.000108440367410528,0.000108440367410483,1.17629483392005e-08,0.999999960001086
0.000237000629200933,0.000105490511159108,0.999789030106984,0.000105479381856998,0.000105479381856947,1.11293021104145e-08,0.999999960001057
0.000243654000912547,0.000102609772229481,0.999794790985332,0.000102599242438745,0.00010259924243877,1.05297907363796e-08,0.999999960001028
0.00025049415421745,9.98077045491188e-05,0.999800394553477,9.97977419738529e-05,9.9797741973858e-05,9.96257526592923e-09,0.999999960001
0.00025752633267712,9.70821594424514e-05,0.999805845107031,9.70727335266275e-05,9.70727335265826e-05,9.42591582390262e-09,0.999999960000972
0.000264755927056707,9.44310469300668e-05,0.999811146824306,9.4422128763794e-05,9.44221287637704e-05,8.91816627284395e-09,0.999999960000946
0.000272188479457518,9.18523341246769e-05,0.99981630376952,9.18438963555146e-05,9.18438963555245e-05,8.43776916236918e-09,0.99999996000092
0.000279829687565512,8.93440436709483e-05,0.999821319895909,8.93360604199976e-05,8.93360604199964e-05,7.98325095069464e-09,0.999999960000895
0.000287685409019059,8.69042522280015e-05,0.999826199048761,8.68966990105178e-05,8.68966990105326e-05,7.55321748366023e-09,0.999999960000871
0.000295761665899326,8.45310889934063e-05,0.999830944968363,8.4523942643689e-05,8.45239426437046e-05,7.14634971736866e-09,0.999999960000847
0.000304064649346707,8.22227342675401e-05,0.999835561292865,8.22159728678688e-05,8.22159728679102e-05,6.76139967131152e-09,0.999999960000824
0.00031260072430687,7.99774180571996e-05,0.999840051561072,7.99710208706e-05,7.99710208705488e-05,6.3971865995602e-09,0.999999960000801
0.000321376434410028,7.77934187173962e-05,0.999844419215159,7.7787366124028e-05,7.77873661240619e-05,6.0525933682696e-09,0.999999960000779
0.000330398506987186,7.56690616302865e-05,0.999848667603302,7.56633350672581e-05,7.56633350672257e-05,5.72656302837593e-09,0.999999960000758
0.000339673858227221,7.36027179202218e-05,0.999852799982255,7.35972998246488e-05,7.35972998245978e-05,5.41809557296922e-09,0.999999960000737
0.000349209598478727,7.15928032039282e-05,0.999856819519837,7.15876769590588e-05,7.15876769591127e-05,5.12624486938806e-09,0.999999960000717
0.000359013037700707,6.96377763748562e-05,0.999860729297366,6.96329262590996e-05,6.96329262591195e-05,4.85011575662114e-09,0.999999960000698
0.000369091691066277,6.77361384207634e-05,0.99986453231202,6.77315495594643e-05,6.77315495594652e-05,4.58886129910678e-09,0.999999960000679
0.000379453284723694,6.58864312736214e-05,0.999868231479133,6.58820895934329e-05,6.58820895934268e-05,4.34168018850259e-09,0.99999996000066
0.000390105761719099,6.40872366909636e-05,0.999871829634432,6.40831288766781e-05,6.40831288767067e-05,4.10781428545132e-09,0.999999960000642
0.00040105728808555,6.23371751678094e-05,0.999875329536211,6.23332886215156e-05,6.23332886214688e-05,3.88654629379849e-09,0.999999960000625
0.000412316259102975,6.06349048783338e-05,0.999878733867441,6.06312276807737e-05,6.06312276808053e-05,3.67719756012487e-09,0.999999960000608
0.000423891305733878,5.89791206464635e-05,0.999882045237833,5.89756415204717e-05,5.89756415204528e-05,3.47912599184036e-09,0.999999960000591
0.000435791301239703,5.73685529446119e-05,0.999885266185835,5.73652612205244e-05,5.73652612205459e-05,3.291724087451e-09,0.999999960000575
0.000448025367982949,5.58019669197789e-05,0.999888399180577,5.57988525027059e-05,5.57988525027404e-05,3.11441707295397e-09,0.999999960000559
0.00046060288442024,5.4278161446272e-05,0.999891446623769,5.42752147851333e-05,5.42752147851186e-05,2.94666113864244e-09,0.999999960000544
0.000473533492291712,5.27959682043159e-05,0.999894410851533,5.2793180262545e-05,5.27931802624955e-05,2.78794177090919e-09,0.999999960000529
0.000486827104012228,5.13542507838454e-05,0.999897294136204,5.13516130116715e-05,5.13516130117259e-05,2.63777217393045e-09,0.999999960000515
0.000500493910270095,4.99519038127904e-05,0.999900098688066,4.9949408121014e-05,4.99494081210351e-05,2.49569177638646e-09,0.999999960000501
0.000514544387839092,4.85878521091853e-05,0.999902826657046,4.85854908443666e-05,4.85854908443751e-05,2.36126481863706e-09,0.999999960000487
0.000528989307609816,4.72610498564499e-05,0.999905480134366,4.72588157774339e-05,4.72588157774631e-05,2.23407901601685e-09,0.999999960000474
0.00054383974284648,4.59704798012083e-05,0.999908061154142,4.59683660569142e-05,4.59683660569111e-05,2.11374429414866e-09,0.999999960000461
0.000559107077675529,4.47151524730291e-05,0.999910571694946,4.47131525814367e-05,4.47131525813996e-05,1.99989159239449e-09,0.999999960000448
0.000574803015812535,4.34941054254879e-05,0.999913013681321,4.34922132537561e-05,4.34922132537174e-05,1.89217173177291e-09,0.999999960000436
0.000590939589534098,4.23064024979692e-05,0.999915388985258,4.23046122436253e-05,4.23046122435843e-05,1.7902543438691e-09,0.999999960000424
0.000607529168901608,4.11511330976399e-05,0.999917699427632,4.11494392707825e-05,4.11494392708256e-05,1.69382685745135e-09,0.999999960000413
0.000624584471243962,4.00274115010429e-05,0.999919946779592,4.00258089075032e-05,4.00258089074507e-05,1.60259353968463e-09,0.999999960000401
0.000642118570906476,3.89343761747748e-05,0.999922132763925,3.89328599001858e-05,3.89328599001718e-05,1.51627458899967e-09,0.99999996000039
0.000660144909273488,3.78711891147256e-05,0.999924259056376,3.78697545094488e-05,3.7869754509444e-05,1.43460527683417e-09,0.99999996000038
0.00067867730507233,3.6837035203373e-05,0.999926327286928,3.68356778682374e-05,3.68356778681979e-05,1.35733513561314e-09,0.99999996000037
0.000697729964966554,3.58311215846375e-05,0.999928339041058,3.5829837357447e-05,3.58298373574283e-05,1.28422719047681e-09,0.99999996000036
0.000717317494446561,3.4852677055818e-05,0.999930295860946,3.48514619985856e-05,3.48514619985648e-05,1.21505723239925e-09,0.99999996000035
0.000737454909025955,3.3900951476142e-05,0.999932199246661,3.38998018630115e-05,3.38998018629781e-05,1.14961313046745e-09,0.99999996000034
0.000758157645752212,3.29752151914742e-05,0.999934050657311,3.2974127497293e-05,3.29741274973016e-05,1.08769418121109e-09,0.999999960000331
0.000779441575040495,3.20747584747448e-05,0.999935851512161,3.20737293642518e-05,3.20737293642328e-05,1.02911049298672e-09,0.999999960000322
0.000801323012839689,3.11988909816636e-05,0.999937603191719,3.11979172992601e-05,3.11979172992431e-05,9.73682403527642e-10,0.999999960000313
0.00082381873313996,3.03469412213071e-05,0.999939307038797,3.03460199813782e-05,3.03460199813948e-05,9.21239928872772e-10,0.999999960000305
0.000846945980831459,2.95182560411667e-05,0.99994096435954,2.95173844189247e-05,2.95173844188922e-05,8.71622241983682e-10,0.999999960000296
0.000870722484923992,2.87122001262681e-05,0.999942576424425,2.87113754490887e-05,2.87113754490979e-05,8.24677179450461e-10,0.999999960000288
0.00089516647213783,2.79281555119723e-05,0.999944144469237,2.79273752511975e-05,2.79273752511769e-05,7.80260774772957e-10,0.99999996000028
0.000920296680876041,2.71655211100878e-05,0.999945669696017,2.7164782873271e-05,2.71647828732975e-05,7.38236816785697e-10,0.999999960000273
0.000946132375589078,2.64237122479288e-05,0.999947153273981,2.64230137714969e-05,2.64230137715333e-05,6.98476431871785e-10,0.999999960000265
0.000972693361542618,2.57021602199655e-05,0.999948596340418,2.57014993622768e-05,2.57014993622621e-05,6.60857688684159e-10,0.999999960000258
0.001,2.50003118517224e-05,0.999950000001562,2.49996865864983e-05,2.49996865865213e-05,6.25265224161562e-10,0.999999960000251
