1e-09,0.499374375479662,0.500625624520338,0.499374375479662,0.999999999300626
1.02807322383086e-09,0.499356794165002,0.500643205834998,0.499356794165002,0.99999999928101
1.05693455355799e-09,0.499338718260973,0.500661281739027,0.499338718260973,0.999999999260845
1.0866061138546e-09,0.499320133824543,0.500679866175457,0.499320133824543,0.999999999240115
1.11711065050482e-09,0.499301026517938,0.500698973482062,0.499301026517938,0.999999999218804
1.14847154784029e-09,0.499281381597374,0.500718618402626,0.499281381597374,0.999999999196896
1.18071284666619e-09,0.499261183901461,0.500738816098539,0.499261183901461,0.999999999174374
1.21385926269063e-09,0.499240417839262,0.500759582160738,0.499240417839262,0.999999999151221
1.24793620547131e-09,0.499219067378023,0.500780932621977,0.499219067378023,0.99999999912742
1.28296979789415e-09,0.499197116030523,0.500802883969477,0.499197116030523,0.999999999102952
1.31898689619867e-09,0.499174546842079,0.500825453157921,0.499174546842079,0.999999999077799
1.35601511056563e-09,0.499151342377151,0.500848657622849,0.499151342377151,0.999999999051941
1.39408282628258e-09,0.499127484705571,0.500872515294429,0.499127484705571,0.999999999025359
1.43321922550358e-09,0.499102955388365,0.500897044611635,0.499102955388365,0.999999998998033
1.47345430961984e-09,0.499077735463155,0.500922264536845,0.499077735463155,0.999999998969942
1.51481892225835e-09,0.499051805429143,0.500948194570857,0.499051805429143,0.999999998941064
1.55734477292614e-09,0.499025145231649,0.500974854768351,0.499025145231649,0.999999998911378
1.60106446131832e-09,0.498997734246196,0.501002265753804,0.498997734246196,0.999999998880861
1.64601150230855e-09,0.498969551262129,0.501030448737871,0.498969551262129,0.999999998849489
1.69222035164104e-09,0.498940574465751,0.501059425534249,0.498940574465751,0.99999999881724
1.7397264323438e-09,0.498910781422964,0.501089218577036,0.498910781422964,0.999999998784088
1.78856616188346e-09,0.498880149061396,0.501119850938604,0.498880149061396,0.999999998750008
1.83877698008233e-09,0.498848653652003,0.501151346347997,0.498848653652003,0.999999998714975
1.89039737781922e-09,0.498816270790125,0.501183729209875,0.498816270790125,0.999999998678962
1.94346692653602e-09,0.498782975375985,0.501217024624015,0.498782975375985,0.999999998641941
1.99802630857255e-09,0.498748741594604,0.501251258405396,0.498748741594604,0.999999998603884
2.05411734835306e-09,0.498713542895127,0.501286457104873,0.498713542895127,0.999999998564763
2.11178304444824e-09,0.49867735196953,0.50132264803047,0.49867735196953,0.999999998524548
2.17106760253726e-09,0.498640140730697,0.501359859269303,0.498640140730697,0.999999998483208
2.23201646929523e-09,0.498601880289838,0.501398119710162,0.498601880289838,0.999999998440713
2.29467636723194e-09,0.49856254093324,0.50143745906676,0.49856254093324,0.999999998397029
2.35909533050864e-09,0.498522092098319,0.501477907901681,0.498522092098319,0.999999998352124
2.42532274176036e-09,0.498480502348958,0.501519497651042,0.498480502348958,0.999999998305964
2.49340936995188e-09,0.498437739350099,0.501562260649901,0.498437739350099,0.999999998258514
2.56340740929651e-09,0.498393769841582,0.501606230158418,0.498393769841582,0.999999998209738
2.63537051926739e-09,0.49834855961119,0.50165144038881,0.49834855961119,0.999999998159599
2.70935386573205e-09,0.498302073466884,0.501697926533116,0.498302073466884,0.999999998108059
2.78541416324176e-09,0.498254275208197,0.501745724791803,0.498254275208197,0.99999999805508
2.86360971850811e-09,0.49820512759677,0.50179487240323,0.49820512759677,0.99999999800062
2.94400047510004e-09,0.49815459232599,0.50184540767401,0.49815459232599,0.999999997944641
3.0266480593957e-09,0.498102629989709,0.501897370010291,0.498102629989709,0.999999997887098
3.11161582782436e-09,0.498049200050006,0.501950799949994,0.498049200050006,0.999999997827949
3.19896891543454e-09,0.497994260803981,0.502005739196019,0.497994260803981,0.999999997767148
3.28877428582551e-09,0.49793776934952,0.50206223065048,0.49793776934952,0.999999997704651
3.38110078248068e-09,0.497879681550023,0.502120318449977,0.497879681550023,0.999999997640411
3.47601918154197e-09,0.497819951998048,0.502180048001952,0.497819951998048,0.999999997574378
3.57360224606578e-09,0.497758533977841,0.502241466022159,0.497758533977841,0.999999997506503
3.67392478180208e-09,0.497695379426707,0.502304620573293,0.497695379426707,0.999999997436735
3.77706369453937e-09,0.497630438895201,0.502369561104799,0.497630438895201,0.999999997365022
3.88309804905961e-09,0.497563661506077,0.502436338493923,0.497563661506077,0.99999999729131
3.99210912974805e-09,0.497494994911976,0.502505005088024,0.497494994911976,0.999999997215544
4.10418050290471e-09,0.497424385251793,0.502575614748207,0.497424385251793,0.999999997137666
4.21939808080502e-09,0.497351777105694,0.502648222894306,0.497351777105694,0.999999997057619
4.33785018755898e-09,0.497277113448725,0.502722886551275,0.497277113448725,0.999999996975342
4.45962762681909e-09,0.497200335602975,0.502799664397025,0.497200335602975,0.999999996890774
4.58482375138911e-09,0.497121383188238,0.502878616811762,0.497121383188238,0.999999996803852
4.71353453478692e-09,0.497040194071129,0.502959805928871,0.497040194071129,0.99999999671451
4.8458586448165e-09,0.496956704312596,0.503043295687404,0.496956704312596,0.999999996622682
4.98189751920517e-09,0.496870848113777,0.503129151886223,0.496870848113777,0.9999999965283
5.12175544336424e-09,0.496782557760147,0.503217442239853,0.496782557760147,0.999999996431293
5.26553963033276e-09,0.496691763563888,0.503308236436112,0.496691763563888,0.999999996331588
5.41336030296538e-09,0.49659839380443,0.50340160619557,0.49659839380443,0.999999996229112
5.56533077842764e-09,0.496502374667104,0.503497625332896,0.496502374667104,0.999999996123788
5.72156755506324e-09,0.496403630179817,0.503596369820183,0.496403630179817,0.999999996015539
5.88219040169997e-09,0.49630208214772,0.50369791785228,0.49630208214772,0.999999995904283
6.04732244946265e-09,0.496197650085756,0.503802349914244,0.496197650085756,0.999999995789938
6.21709028616383e-09,0.496090251149052,0.503909748850948,0.496090251149052,0.99999999567242
6.39162405334401e-09,0.495979800061049,0.504020199938951,0.495979800061049,0.999999995551641
6.57105754603627e-09,0.495866209039313,0.504133790960687,0.495866209039313,0.999999995427513
6.75552831533164e-09,0.495749387718934,0.504250612281066,0.495749387718934,0.999999995299943
6.94517777382369e-09,0.495629243073425,0.504370756926575,0.495629243073425,0.999999995168837
7.14015130401339e-09,0.495505679333042,0.504494320666958,0.495505679333042,0.9999999950341
7.3405983697572e-09,0.495378597900427,0.504621402099573,0.495378597900427,0.99999999489563
7.5466726308439e-09,0.49524789726348,0.50475210273652,0.49524789726348,0.999999994753328
7.75853206078784e-09,0.495113472905354,0.504886527094646,0.495113472905354,0.999999994607088
7.97633906792928e-09,0.494975217211488,0.505024782788512,0.494975217211488,0.999999994456803
8.20026061993413e-09,0.494833019373545,0.505166980626455,0.494833019373545,0.999999994302363
8.43046837178897e-09,0.49468676529017,0.50531323470983,0.49468676529017,0.999999994143656
8.66713879738922e-09,0.49453633746443,0.50546366253557,0.49453633746443,0.999999993980564
8.9104533248215e-09,0.494381614897832,0.505618385102168,0.494381614897832,0.99999999381297
9.16059847544369e-09,0.494222472980782,0.505777527019218,0.494222472980782,0.999999993640751
9.41776600686954e-09,0.494058783379369,0.505941216620631,0.494058783379369,0.999999993463783
9.6821530599671e-09,0.493890413918322,0.506109586081678,0.493890413918322,0.999999993281936
9.95396230998424e-09,0.493717228460016,0.506282771539984,0.493717228460016,0.999999993095079
1.02334021219164e-08,0.493539086779371,0.506460913220629,0.493539086779371,0.999999992903077
1.05206867102362e-08,0.493355844434499,0.506644155565501,0.493355844434499,0.999999992705792
1.08160363031071e-08,0.493167352632937,0.506832647367063,0.493167352632937,0.999999992503081
1.1119677311207e-08,0.492973458093309,0.507026541906691,0.492973458093309,0.999999992294798
1.14318425012915e-08,0.492774002902242,0.507225997097758,0.492774002902242,0.999999992080794
1.17527711746295e-08,0.492568824366367,0.507431175633633,0.492568824366367,0.999999991860916
1.20827093504478e-08,0.49235775485921,0.50764224514079,0.49235775485921,0.999999991635007
1.24219099545262e-08,0.492140621662805,0.507859378337195,0.492140621662805,0.999999991402905
1.27706330130864e-08,0.49191724680381,0.50808275319619,0.49191724680381,0.999999991164446
1.31291458521247e-08,0.491687446883941,0.508312553116059,0.491687446883941,0.99999999091946
1.34977233023394e-08,0.491451032904494,0.508548967095506,0.491451032904494,0.999999990667774
1.38766479098131e-08,0.491207810084764,0.508792189915236,0.491207810084764,0.999999990409211
1.42662101526074e-08,0.490957577674099,0.509042422325901,0.490957577674099,0.999999990143587
1.46667086634397e-08,0.490700128757389,0.509299871242611,0.490700128757389,0.999999989870717
1.50784504586105e-08,0.490435250053721,0.509564749946279,0.490435250053721,0.99999998959041
1.55017511733577e-08,0.490162721707968,0.509837278292032,0.490162721707968,0.999999989302469
1.59369353038178e-08,0.489882317075033,0.510117682924967,0.489882317075033,0.999999989006695
1.63843364557798e-08,0.489593802496502,0.510406197503498,0.489593802496502,0.999999988702883
1.68442976004231e-08,0.489296937069411,0.510703062930589,0.489296937069411,0.999999988390821
1.73171713372335e-08,0.48899147240685,0.51100852759315,0.48899147240685,0.999999988070296
1.78033201643011e-08,0.488677152390111,0.511322847609889,0.488677152390111,0.999999987741086
1.83031167562061e-08,0.488353712912069,0.511646287087931,0.488353712912069,0.999999987402968
1.88169442497056e-08,0.488020881611495,0.511979118388505,0.488020881611495,0.99999998705571
1.93451965374404e-08,0.487678377597975,0.512321622402025,0.487678377597975,0.999999986699076
1.98882785698881e-08,0.487325911167112,0.512674088832888,0.487325911167112,0.999999986332827
2.04466066657912e-08,0.486963183505667,0.513036816494333,0.486963183505667,0.999999985956714
2.10206088313016e-08,0.486589886386312,0.513410113613688,0.486589886386312,0.999999985570487
2.16107250880838e-08,0.486205701851624,0.513794298148376,0.486205701851624,0.999999985173887
2.22174078106288e-08,0.48581030188699,0.51418969811301,0.48581030188699,0.999999984766652
2.28411220730383e-08,0.485403348082045,0.514596651917955,0.485403348082045,0.999999984348512
2.34823460055428e-08,0.48498449128028,0.51501550871972,0.48498449128028,0.999999983919193
2.41415711610302e-08,0.484553371216465,0.515446628783535,0.484553371216465,0.999999983478414
2.48193028918626e-08,0.484109616141507,0.515890383858493,0.484109616141507,0.99999998302589
2.55160607372719e-08,0.48365284243438,0.51634715756562,0.48365284243438,0.999999982561327
2.62323788216312e-08,0.483182654200761,0.516817345799239,0.483182654200761,0.999999982084429
2.69688062639069e-08,0.482698642858013,0.517301357141987,0.482698642858013,0.999999981594891
2.77259075986048e-08,0.48220038670616,0.51779961329384,0.48220038670616,0.999999981092403
2.85042632085343e-08,0.481687450484512,0.518312549515488,0.481687450484512,0.999999980576649
2.93044697697214e-08,0.481159384913619,0.518840615086381,0.481159384913619,0.999999980047307
3.01271407088116e-08,0.480615726222232,0.519384273777768,0.480615726222232,0.999999979504051
3.09729066733141e-08,0.480055995659003,0.519944004340997,0.480055995659003,0.999999978946545
3.18424160150466e-08,0.479479698988648,0.520520301011352,0.479479698988648,0.999999978374451
3.27363352871525e-08,0.478886325972374,0.521113674027626,0.478886325972374,0.999999977787424
3.36553497550709e-08,0.478275349832375,0.521724650167625,0.478275349832375,0.999999977185113
3.46001639218511e-08,0.477646226700276,0.522353773299724,0.477646226700276,0.999999976567161
3.55715020682138e-08,0.476998395049463,0.523001604950537,0.476998395049463,0.999999975933206
3.65701088077749e-08,0.47633127511129,0.52366872488871,0.47633127511129,0.999999975282881
3.75967496578547e-08,0.47564426827526,0.52435573172474,0.47564426827526,0.999999974615814
3.86522116263126e-08,0.47493675647336,0.52506324352664,0.47493675647336,0.999999973931626
3.97373038148561e-08,0.474208101548839,0.525791898451161,0.474208101548839,0.999999973229935
4.08528580392857e-08,0.473457644609854,0.526542355390146,0.473457644609854,0.999999972510355
4.19997294671531e-08,0.47268470536855,0.52731529463145,0.47268470536855,0.999999971772494
4.31787972733202e-08,0.471888581466318,0.528111418533682,0.471888581466318,0.999999971015957
4.43909653139217e-08,0.471068547786151,0.528931452213849,0.471068547786151,0.999999970240345
4.56371628192476e-08,0.470223855753268,0.529776144246732,0.470223855753268,0.999999969445255
4.6918345106078e-08,0.469353732625387,0.530646267374613,0.469353732625387,0.999999968630283
4.82354943100147e-08,0.468457380774356,0.531542619225644,0.468457380774356,0.999999967795021
4.95896201383721e-08,0.467533976961134,0.532466023038866,0.467533976961134,0.999999966939059
5.09817606442043e-08,0.466582671606511,0.533417328393489,0.466582671606511,0.999999966061988
5.24129830220606e-08,0.465602588060348,0.534397411939652,0.465602588060348,0.999999965163394
5.38843844260822e-08,0.46459282187259,0.53540717812741,0.46459282187259,0.999999964242867
5.5397092811064e-08,0.463552440069821,0.536447559930179,0.463552440069821,0.999999963299997
5.69522677971282e-08,0.462480480441715,0.537519519558285,0.462480480441715,0.999999962334372
5.85511015586724e-08,0.461375950842407,0.538624049157593,0.461375950842407,0.999999961345588
6.01948197382727e-08,0.460237828512508,0.539762171487492,0.460237828512508,0.999999960333239
6.18846823862438e-08,0.459065059428332,0.540934940571668,0.459065059428332,0.999999959296927
6.3621984926575e-08,0.457856557685795,0.542143442314205,0.457856557685795,0.999999958236258
6.54080591499826e-08,0.45661120492746,0.54338879507254,0.45661120492746,0.999999957150845
6.72442742348425e-08,0.455327849822309,0.544672150177691,0.455327849822309,0.999999956040309
6.91320377967813e-08,0.454005307609057,0.545994692390943,0.454005307609057,0.99999995490428
7.10727969677341e-08,0.452642359715188,0.547357640284812,0.452642359715188,0.999999953742401
7.30680395052951e-08,0.451237753465358,0.548762246534642,0.451237753465358,0.999999952554325
7.51192949332097e-08,0.449790201894466,0.550209798105534,0.449790201894466,0.99999995133972
7.72281357138864e-08,0.448298383682439,0.551701616317561,0.448298383682439,0.999999950098273
7.93961784538228e-08,0.446760943229736,0.553239056770264,0.446760943229736,0.999999948829685
8.16250851428724e-08,0.445176490894615,0.554823509105385,0.445176490894615,0.999999947533681
8.39165644283016e-08,0.443543603415488,0.556456396584512,0.443543603415488,0.999999946210007
8.62723729246145e-08,0.441860824544032,0.558139175455968,0.441860824544032,0.999999944858435
8.8694316560147e-08,0.440126665917299,0.559873334082701,0.440126665917299,0.999999943478765
9.11842519614656e-08,0.43833960819969,0.56166039180031,0.43833960819969,0.999999942070827
9.374408787663e-08,0.436498102528478,0.563501897471522,0.436498102528478,0.999999940634484
9.63757866384109e-08,0.434600572299386,0.565399427700614,0.434600572299386,0.999999939169637
9.90813656685867e-08,0.432645415331658,0.567354584668342,0.432645415331658,0.999999937676225
1.01862899024469e-07,0.430631006454945,0.569368993545055,0.430631006454945,0.999999936154234
1.04722518988844e-07,0.428555700563172,0.571444299436828,0.428555700563172,0.999999934603691
1.07662417704549e-07,0.426417836183195,0.573582163816805,0.426417836183195,0.999999933024678
1.10684848854941e-07,0.424215739608514,0.575784260391486,0.424215739608514,0.999999931417328
1.13792129391531e-07,0.421947729650312,0.578052270349688,0.421947729650312,0.999999929781835
1.16986641310131e-07,0.419612123059615,0.580387876940385,0.419612123059615,0.999999928118453
1.20270833476851e-07,0.417207240675182,0.582792759324818,0.417207240675182,0.999999926427501
1.23647223505371e-07,0.414731414351622,0.585268585648378,0.414731414351622,0.999999924709372
1.27118399686903e-07,0.412182994721023,0.587817005278977,0.412182994721023,0.999999922964529
1.30687022974335e-07,0.409560359838738,0.590439640161262,0.409560359838738,0.999999921193517
1.34355829022083e-07,0.40686192475968,0.59313807524032,0.40686192475968,0.99999991939696
1.38127630283201e-07,0.404086152085189,0.595913847914811,0.404086152085189,0.999999917575572
1.42005318165368e-07,0.401231563511922,0.598768436488078,0.401231563511922,0.999999915730153
1.45991865247398e-07,0.398296752402998,0.601703247597002,0.398296752402998,0.9999999138616
1.50090327557974e-07,0.395280397387446,0.604719602612554,0.395280397387446,0.999999911970906
1.54303846918356e-07,0.392181276976546,0.607818723023454,0.392181276976546,0.999999910059162
1.58635653350859e-07,0.388998285164794,0.611001714835206,0.388998285164794,0.99999990812756
1.63089067554933e-07,0.385730447958638,0.614269552041362,0.385730447958638,0.9999999061774
1.6766750345277e-07,0.382376940747957,0.617623059252043,0.382376940747957,0.999999904210081
1.72374470806362e-07,0.378937106403436,0.621062893596564,0.378937106403436,0.99999990222711
1.77213577908036e-07,0.375410473947997,0.624589526052003,0.375410473947997,0.999999900230097
1.82188534346517e-07,0.371796777612598,0.628203222387402,0.371796777612598,0.999999898220753
1.87303153850643e-07,0.368095976047064,0.631904023952936,0.368095976047064,0.999999896200893
1.9256135721292e-07,0.364308271415976,0.635691728584024,0.364308271415976,0.999999894172423
1.97967175295133e-07,0.360434128069661,0.639565871930339,0.360434128069661,0.999999892137343
2.03524752118358e-07,0.3564742904425,0.6435257095575,0.3564742904425,0.999999890097735
2.09238348039698e-07,0.35242979979726,0.64757020020274,0.35242979979726,0.999999888055762
2.15112343018217e-07,0.348302009406968,0.651697990593032,0.348302009406968,0.999999886013651
2.21151239972549e-07,0.344092597747517,0.655907402252483,0.344092597747517,0.999999883973687
2.27359668232772e-07,0.339803579266869,0.660196420733131,0.339803579266869,0.999999881938203
2.33742387089181e-07,0.335437312302761,0.664562687697239,0.335437312302761,0.999999879909564
2.40304289440697e-07,0.330996503741939,0.669003496258061,0.330996503741939,0.999999877890154
2.47050405545683e-07,0.326484210051617,0.673515789948383,0.326484210051617,0.999999875882364
2.53985906878073e-07,0.321903834368587,0.678096165631413,0.321903834368587,0.999999873888571
2.61116110091746e-07,0.317259119403093,0.682740880596907,0.317259119403093,0.999999871911128
2.68446481096197e-07,0.312554136001809,0.687445863998191,0.312554136001809,0.999999869952344
2.75982639246618e-07,0.307793267314854,0.692206732685146,0.307793267314854,0.99999986801447
2.83730361651621e-07,0.302981188622361,0.697018811377639,0.302981188622361,0.999999866099681
2.91695587601879e-07,0.298122842992349,0.701877157007651,0.298122842992349,0.999999864210064
2.99884423123102e-07,0.293223413058734,0.706776586941266,0.293223413058734,0.999999862347602
3.08303145656828e-07,0.288288289320698,0.711711710679302,0.288288289320698,0.999999860514158
3.16958208872612e-07,0.28332303546706,0.71667696453294,0.28332303546706,0.99999985871147
3.25856247615323e-07,0.278333351316596,0.721666648683404,0.278333351316596,0.999999856941134
3.35004082991314e-07,0.273325034033077,0.726674965966923,0.273325034033077,0.999999855204602
3.44408727597382e-07,0.268303938318847,0.731696061681153,0.268303938318847,0.999999853503169
3.54077390896527e-07,0.263275936311025,0.736724063688975,0.263275936311025,0.999999851837976
3.64017484744614e-07,0.258246877899264,0.741753122100736,0.258246877899264,0.999999850210001
3.74236629072198e-07,0.253222552154345,0.746777447845655,0.253222552154345,0.999999848620062
3.84742657725851e-07,0.248208650504885,0.751791349495115,0.248208650504885,0.999999847068817
3.9554362447347e-07,0.243210732228475,0.756789267771525,0.243210732228475,0.999999845556768
4.06647809178186e-07,0.238234192737799,0.761765807262201,0.238234192737799,0.999999844084267
4.18063724145576e-07,0.233284235046384,0.766715764953616,0.233284235046384,0.999999842651518
4.2980012064908e-07,0.228365844697432,0.771634155302568,0.228365844697432,0.999999841258589
4.41865995638594e-07,0.223483768337366,0.776516231662634,0.223483768337366,0.999999839905416
4.54270598637404e-07,0.218642496017441,0.781357503982559,0.218642496017441,0.999999838591814
4.67023438832733e-07,0.213846247215624,0.786153752784376,0.213846247215624,0.999999837317489
4.80134292365345e-07,0.209098960489598,0.790901039510402,0.209098960489598,0.999999836082043
4.93613209823792e-07,0.204404286602244,0.795595713397756,0.204404286602244,0.999999834884986
5.07470523949047e-07,0.199765584904216,0.800234415095784,0.199765584904216,0.999999833725749
5.21716857555435e-07,0.195185922714703,0.804814077285297,0.195185922714703,0.99999983260369
5.36363131673925e-07,0.190668077410731,0.809331922589269,0.190668077410731,0.999999831518103
5.5142057392403e-07,0.186214540916663,0.813785459083337,0.186214540916663,0.999999830468232
5.66900727120743e-07,0.181827526277544,0.818172473722456,0.181827526277544,0.999999829453275
5.82815458123084e-07,0.177508976001261,0.822491023998739,0.177508976001261,0.999999828472394
5.99176966931061e-07,0.173260571863503,0.826739428136497,0.173260571863503,0.999999827524724
6.15997796038017e-07,0.169083745884594,0.830916254115406,0.169083745884594,0.999999826609376
6.33290840045511e-07,0.164979692206966,0.835020307793034,0.164979692206966,0.999999825725449
6.51069355548147e-07,0.160949379624824,0.839050620375176,0.160949379624824,0.999999824872031
6.69346971295867e-07,0.156993564542313,0.843006435457687,0.156993564542313,0.999999824048204
6.88137698641567e-07,0.153112804162009,0.846887195837991,0.153112804162009,0.999999823253055
7.07455942281988e-07,0.14930746973112,0.85069253026888,0.14930746973112,0.999999822485672
7.27316511300145e-07,0.145577759697525,0.854422240302475,0.145577759697525,0.999999821745153
7.47734630517758e-07,0.141923712651371,0.858076287348629,0.141923712651371,0.999999821030606
7.68725952166374e-07,0.138345219949823,0.861654780050177,0.138345219949823,0.999999820341153
7.90306567886135e-07,0.134842037942677,0.865157962057323,0.134842037942677,0.999999819675934
8.12493021061405e-07,0.131413799734595,0.868586200265405,0.131413799734595,0.999999819034104
8.35302319502679e-07,0.128060026435826,0.871939973564174,0.128060026435826,0.999999818414839
8.58751948484518e-07,0.124780137867327,0.875219862132673,0.124780137867327,0.999999817817335
8.82859884149515e-07,0.121573462698358,0.878426537301642,0.121573462698358,0.999999817240811
9.07644607288536e-07,0.118439248005011,0.881560751994989,0.118439248005011,0.999999816684505
9.33125117507824e-07,0.115376668246805,0.884623331753195,0.115376668246805,0.999999816147681
9.59320947793823e-07,0.112384833665699,0.887615166334301,0.112384833665699,0.999999815629623
9.86252179486878e-07,0.109462798117696,0.890537201882304,0.109462798117696,0.999999815129639
1.01393945767529e-06,0.106609566351882,0.893390433648118,0.106609566351882,0.999999814647061
1.04240400702156e-06,0.103824100755327,0.896175899244673,0.103824100755327,0.999999814181243
1.07166764803286e-06,0.101105327584978,0.898894672415022,0.101105327584978,0.99999981373156
1.10175281378839e-06,0.0984521427096225,0.901547857290377,0.0984521427096225,0.999999813297412
1.13268256713615e-06,0.0958634168862439,0.904136583113756,0.0958634168862439,0.999999812878218
1.16448061837269e-06,0.0933380005958495,0.90666199940415,0.0933380005958495,0.999999812473421
1.19717134341897e-06,0.0908747284641208,0.909125271535879,0.0908747284641208,0.999999812082483
1.23077980250667e-06,0.0884724232921567,0.911527576707843,0.0884724232921567,0.999999811704886
1.26533175938894e-06,0.0861298997222077,0.913870100277792,0.0861298997222077,0.999999811340133
1.30085370109057e-06,0.0838459675626942,0.916154032437306,0.0838459675626942,0.999999810987746
1.3373728582125e-06,0.0816194347960253,0.918380565203975,0.0816194347960253,0.999999810647266
1.37491722580642e-06,0.0794491102918258,0.920550889708174,0.0794491102918258,0.999999810318249
1.4135155848354e-06,0.0773338062471796,0.92266619375282,0.0773338062471796,0.999999810000271
1.4531975242369e-06,0.0752723403744395,0.92472765962556,0.0752723403744395,0.999999809692925
1.49399346360526e-06,0.0732635378560563,0.926736462143944,0.0732635378560563,0.999999809395819
1.5359346765109e-06,0.0713062330847766,0.928693766915223,0.0713062330847766,0.999999809108576
1.57905331447418e-06,0.0693992712064521,0.930600728793548,0.0693992712064521,0.999999808830835
1.62338243161228e-06,0.067541509481622,0.932458490518378,0.067541509481622,0.999999808562249
1.66895600997803e-06,0.065731818480961,0.934268181519039,0.065731818480961,0.999999808302485
1.71580898561001e-06,0.0639690831286762,0.936030916871324,0.0639690831286762,0.999999808051222
1.76397727531405e-06,0.062252203606936,0.937747796393064,0.062252203606936,0.999999807808154
1.8134978041965e-06,0.0605800961334891,0.939419903866511,0.0605800961334891,0.999999807572986
1.86440853397049e-06,0.0589516936237308,0.941048306376269,0.0589516936237308,0.999999807345433
1.91674849205681e-06,0.0573659462476328,0.942634053752367,0.0573659462476328,0.999999807125225
1.9705578015018e-06,0.0558218218911588,0.944178178108841,0.0558218218911588,0.999999806912098
2.02587771173502e-06,0.0543183065310392,0.945681693468961,0.0543183065310392,0.999999806705803
2.08275063019052e-06,0.0528544045310777,0.947145595468922,0.0528544045310777,0.999999806506098
2.14122015481573e-06,0.0514291388675144,0.948570861132486,0.0514291388675144,0.999999806312751
2.20133110749303e-06,0.050041551290355,0.949958448709645,0.050041551290355,0.99999980612554
2.26312956839953e-06,0.0486907024270122,0.951309297572988,0.0486907024270122,0.999999805944251
2.32666291133146e-06,0.0473756718340813,0.952624328165919,0.0473756718340813,0.999999805768677
2.39197984002024e-06,0.0460955580025807,0.953904441997419,0.0460955580025807,0.999999805598622
2.45913042546804e-06,0.0448494783215406,0.955150521678459,0.0448494783215406,0.999999805433895
2.5281661443315e-06,0.0436365690044059,0.956363430995594,0.0436365690044059,0.999999805274313
2.59913991838293e-06,0.0424559849823321,0.957544015017668,0.0424559849823321,0.9999998051197
2.67210615507944e-06,0.0413068997681005,0.958693100231899,0.0413068997681005,0.999999804969888
2.74712078927081e-06,0.0401885052940549,0.959811494705945,0.0401885052940549,0.999999804824714
2.82424132607844e-06,0.0391000117271537,0.960899988272846,0.0391000117271537,0.999999804684021
2.90352688497781e-06,0.0380406472639629,0.961959352736037,0.0380406472639629,0.999999804547658
2.98503824511873e-06,0.037009657908157,0.962990342091843,0.037009657908157,0.999999804415481
3.06883789191764e-06,0.036006307232863,0.963993692767137,0.036006307232863,0.99999980428735
3.15499006495809e-06,0.0350298761299673,0.964970123870033,0.0350298761299673,0.999999804163131
3.24356080723581e-06,0.0340796625483124,0.965920337451688,0.0340796625483124,0.999999804042694
3.33461801578637e-06,0.0331549812225251,0.966845018777475,0.0331549812225251,0.999999803925915
3.42823149373397e-06,0.0322551633940606,0.967744836605939,0.0322551633940606,0.999999803812673
3.52447300380159e-06,0.0313795565258871,0.968620443474113,0.0313795565258871,0.999999803702853
3.62341632332315e-06,0.0305275240121066,0.969472475987893,0.0305275240121066,0.999999803596344
3.72513730080021e-06,0.029698444883675,0.970301555116325,0.029698444883675,0.999999803493037
3.82971391404628e-06,0.0288917135112725,0.971108286488727,0.0288917135112725,0.99999980339283
3.93722632996347e-06,0.0281067393062672,0.971893260693733,0.0281067393062672,0.999999803295622
4.04775696599732e-06,0.0273429464206234,0.972657053579377,0.0273429464206234,0.999999803201318
4.16139055331671e-06,0.0265997734465133,0.973400226553487,0.0265997734465133,0.999999803109824
4.27821420176762e-06,0.0258766731163119,0.974123326883688,0.0258766731163119,0.999999803021051
4.39831746665023e-06,0.025173112003585,0.974826887996415,0.025173112003585,0.999999802934912
4.5217924173707e-06,0.0244885702256085,0.975511429774392,0.0244885702256085,0.999999802851323
4.64873370802026e-06,0.0238225411479017,0.976177458852098,0.0238225411479017,0.999999802770205
4.7792386499356e-06,0.0231745310911974,0.976825468908803,0.0231745310911974,0.99999980269148
4.91340728629636e-06,0.0225440590412243,0.977455940958776,0.0225440590412243,0.999999802615072
5.05134246881677e-06,0.0219306563616301,0.97806934363837,0.0219306563616301,0.999999802540909
5.19314993659021e-06,0.0213338665103346,0.978666133489665,0.0213338665103346,0.999999802468921
5.33893839714736e-06,0.0207532447595586,0.979246755240441,0.0207532447595586,0.999999802399041
5.48881960978968e-06,0.0201883579197468,0.979811642080253,0.0201883579197468,0.999999802331203
5.64290847126254e-06,0.0196387840675684,0.980361215932432,0.0196387840675684,0.999999802265344
5.80132310383338e-06,0.0191041122781493,0.980895887721851,0.0191041122781493,0.999999802201403
5.96418494584246e-06,0.0185839423616695,0.981416057638331,0.0185839423616695,0.999999802139322
6.13161884479577e-06,0.0180778846044296,0.98192211539557,0.0180778846044296,0.999999802079043
6.30375315307127e-06,0.0175855595144757,0.982414440485524,0.0175855595144757,0.999999802020511
6.48071982631197e-06,0.0171065975718477,0.982893402428152,0.0171065975718477,0.999999801963673
6.66265452458115e-06,0.0166406389835035,0.983359361016496,0.0166406389835035,0.999999801908478
6.84969671635745e-06,0.0161873334429538,0.983812666557046,0.0161873334429538,0.999999801854875
7.0419897854493e-06,0.0157463398946275,0.984253660105373,0.0157463398946275,0.999999801802817
7.23968114091088e-06,0.0153173263029797,0.98468267369702,0.0153173263029797,0.999999801752257
7.44292233004376e-06,0.0148999694263372,0.985100030573663,0.0148999694263372,0.99999980170315
7.65186915457082e-06,0.0144939545954728,0.985506045404527,0.0144939545954728,0.999999801655452
7.86668179007157e-06,0.014098975496884,0.985901024503116,0.014098975496884,0.999999801609121
8.08752490877046e-06,0.0137147339607521,0.986285266039248,0.0137147339607521,0.999999801564117
8.31456780577206e-06,0.0133409397535417,0.986659060246458,0.0133409397535417,0.999999801520399
8.54798452884042e-06,0.0129773103752028,0.987022689624797,0.0129773103752028,0.99999980147793
8.78795401182133e-06,0.0126235708609255,0.987376429139075,0.0126235708609255,0.999999801436672
9.03466021181053e-06,0.0122794535873977,0.987720546412602,0.0122794535873977,0.99999980139659
9.2882922501725e-06,0.0119446980835081,0.988055301916492,0.0119446980835081,0.999999801357648
9.54904455751808e-06,0.0116190508454367,0.988380949154563,0.0116190508454367,0.999999801319813
9.81711702275218e-06,0.0113022651560687,0.988697734843931,0.0113022651560687,0.999999801283053
1.00927151463057e-05,0.0109941009086671,0.989005899091333,0.0109941009086671,0.999999801247335
1.03760501976691e-05,0.0106943244347371,0.989305675565263,0.0106943244347371,0.99999980121263
1.06673393773486e-05,0.0104027083360119,0.989597291663988,0.0104027083360119,0.999999801178908
1.09668059833687e-05,0.0101190313204899,0.98988096867951,0.0101190313204899,0.999999801146139
1.12746795824495e-05,0.00984307804245155,0.990156921957548,0.00984307804245155,0.999999801114297
1.15911961859889e-05,0.00957463894638122,0.990425361053619,0.00957463894638122,0.999999801083353
1.19165984309856e-05,0.00931351011472292,0.990686489885277,0.00931351011472292,0.999999801053283
1.22511357660412e-05,0.00905949311939369,0.990940506880606,0.00905949311939369,0.99999980102406
1.25950646425836e-05,0.00881239487698138,0.991187605123019,0.00881239487698138,0.999999800995659
1.2948648711459e-05,0.00857202750755282,0.991427972492447,0.00857202750755282,0.999999800968059
1.33121590250431e-05,0.0083382081969966,0.991661791803003,0.0083382081969966,0.999999800941234
1.36858742450252e-05,0.00811075906282821,0.991889240937172,0.00811075906282821,0.999999800915162
1.40700808560269e-05,0.0078895070233822,0.992110492976618,0.0078895070233822,0.999999800889823
1.44650733852165e-05,0.00767428367032008,0.99232571632968,0.00767428367032008,0.999999800865194
1.48711546280895e-05,0.00746492514437902,0.992535074855621,0.00746492514437902,0.999999800841256
1.52886358805873e-05,0.00726127201429194,0.992738727985708,0.00726127201429194,0.999999800817989
1.57178371777316e-05,0.00706316915880534,0.992936830841195,0.00706316915880534,0.999999800795373
1.61590875389592e-05,0.006870465651727,0.993129534348273,0.006870465651727,0.999999800773389
1.66127252203429e-05,0.00668301464993215,0.993316985350068,0.00668301464993215,0.99999980075202
1.70790979738943e-05,0.00650067328426052,0.993499326715739,0.00650067328426052,0.999999800731248
1.75585633141447e-05,0.00632330255323732,0.993676697446763,0.00632330255323732,0.999999800711057
1.80514887922111e-05,0.00615076721954955,0.99384923278045,0.00615076721954955,0.999999800691428
1.85582522775552e-05,0.00598293570921549,0.994017064290785,0.00598293570921549,0.999999800672347
1.90792422476527e-05,0.00581968001337985,0.99418031998662,0.00581968001337985,0.999999800653798
1.96148580857943e-05,0.00566087559267303,0.994339124407327,0.00566087559267303,0.999999800635766
2.01655103872475e-05,0.00550640128407298,0.994493598715927,0.00550640128407298,0.999999800618236
2.07316212740123e-05,0.00535613921020694,0.994643860789793,0.00535613921020694,0.999999800601194
2.13136247184144e-05,0.00520997469103401,0.994790025308966,0.00520997469103401,0.999999800584625
2.19119668757815e-05,0.00506779615785125,0.994932203842149,0.00506779615785125,0.999999800568517
2.25271064264598e-05,0.00492949506956319,0.995070504930437,0.00492949506956319,0.999999800552857
2.31595149274315e-05,0.00479496583116101,0.995205034168839,0.00479496583116101,0.999999800537632
2.38096771738036e-05,0.0046641057143546,0.995335894285645,0.0046641057143546,0.99999980052283
2.44780915704444e-05,0.00453681478030366,0.995463185219696,0.00453681478030366,0.999999800508438
2.51652705140539e-05,0.00441299580439614,0.995587004195604,0.00441299580439614,0.999999800494446
2.58717407859592e-05,0.00429255420302022,0.99570744579698,0.00429255420302022,0.999999800480841
2.65980439559376e-05,0.00417539796228161,0.995824602037718,0.00417539796228161,0.999999800467614
2.73447367973758e-05,0.00406143756861477,0.995938562431385,0.00406143756861477,0.999999800454753
2.81123917140846e-05,0.00395058594124031,0.99604941405876,0.00395058594124031,0.999999800442248
2.89015971790951e-05,0.00384275836642223,0.996157241633578,0.00384275836642223,0.999999800430089
2.97129581857733e-05,0.00373787243347656,0.996262127566523,0.00373787243347656,0.999999800418267
3.05470967115997e-05,0.00363584797248917,0.996364152027511,0.00363584797248917,0.999999800406772
3.14046521949675e-05,0.00353660699369596,0.996463393006304,0.00353660699369596,0.999999800395594
3.22862820253673e-05,0.00344007362848398,0.996559926371516,0.00344007362848398,0.999999800384726
3.31926620473319e-05,0.00334617407197124,0.996653825928029,0.00334617407197124,0.999999800374158
3.41244870785289e-05,0.00325483652712355,0.996745163472876,0.00325483652712355,0.999999800363882
3.50824714423979e-05,0.00316599115036886,0.996834008849631,0.00316599115036886,0.99999980035389
3.60673495157403e-05,0.00307956999866998,0.99692043000133,0.00307956999866998,0.999999800344173
3.70798762916817e-05,0.00299550697801731,0.997004493021983,0.00299550697801731,0.999999800334725
3.81208279584389e-05,0.00291373779330506,0.997086262206695,0.00291373779330506,0.999999800325538
3.9191002494334e-05,0.0028341998995528,0.997165800100447,0.0028341998995528,0.999999800316604
4.02912202795135e-05,0.00275683245444025,0.99724316754556,0.00275683245444025,0.999999800307916
4.1422324724839e-05,0.00268157627211685,0.997318423727883,0.00268157627211685,0.999999800299468
4.25851829184341e-05,0.00260837377825551,0.997391626221744,0.00260837377825551,0.999999800291252
4.37806862903817e-05,0.00253716896631673,0.997462831033683,0.00253716896631673,0.999999800283264
4.50097512960805e-05,0.00246790735499036,0.99753209264501,0.00246790735499036,0.999999800275495
4.62733201187869e-05,0.00240053594678458,0.997599464053215,0.00240053594678458,0.99999980026794
4.75723613918789e-05,0.00233500318773217,0.997664996812268,0.00233500318773217,0.999999800260593
4.89078709413959e-05,0.00227125892818303,0.997728741071817,0.00227125892818303,0.999999800253448
5.02808725494247e-05,0.00220925438465536,0.997790745615345,0.00220925438465536,0.9999998002465
5.1692418738916e-05,0.00214894210271654,0.997851057897283,0.00214894210271654,0.999999800239743
5.31435915805324e-05,0.00209027592086719,0.997909724079133,0.00209027592086719,0.999999800233173
5.46355035221488e-05,0.00203321093540076,0.997966789064599,0.00203321093540076,0.999999800226782
5.6169298241638e-05,0.00197770346621251,0.998022296533787,0.00197770346621251,0.999999800220568
5.77461515235983e-05,0.00192371102353406,0.998076288976466,0.00192371102353406,0.999999800214524
5.93672721606913e-05,0.00187119227556731,0.998128807724433,0.00187119227556731,0.999999800208647
6.10339028802862e-05,0.00182010701699364,0.998179892983006,0.00182010701699364,0.999999800202931
6.27473212971157e-05,0.00177041613833617,0.998229583861664,0.00177041613833617,0.999999800197372
6.4508840892677e-05,0.00172208159615117,0.998277918403849,0.00172208159615117,0.999999800191966
6.63198120221268e-05,0.00167506638402704,0.998324933615973,0.00167506638402704,0.999999800186709
6.81816229494448e-05,0.00162933450436842,0.998370665495632,0.00162933450436842,0.999999800181596
7.00957009116562e-05,0.00158485094094551,0.998415149059054,0.00158485094094551,0.999999800176623
7.20635132129306e-05,0.00154158163218676,0.998458418367813,0.00154158163218676,0.999999800171787
7.40865683493957e-05,0.00149949344519618,0.998500506554804,0.00149949344519618,0.999999800167083
7.61664171655289e-05,0.00145855415047513,0.998541445849525,0.00145855415047513,0.999999800162509
7.83046540430118e-05,0.00141873239732926,0.998581267602671,0.00141873239732926,0.99999980015806
8.05029181229597e-05,0.00137999768994312,0.998620002310057,0.00137999768994312,0.999999800153733
8.27628945624635e-05,0.00134232036410431,0.998657679635896,0.00134232036410431,0.999999800149526
8.50863158264058e-05,0.00130567156455796,0.998694328435442,0.00130567156455796,0.999999800145433
8.74749630155442e-05,0.00127002322297809,0.998729976777022,0.00127002322297809,0.999999800141453
8.99306672318761e-05,0.0012353480365348,0.998764651963465,0.0012353480365348,0.999999800137582
9.24553109823358e-05,0.00120161944704533,0.998798380552955,0.00120161944704533,0.999999800133817
9.50508296218951e-05,0.00116881162069016,0.99883118837931,0.00116881162069016,0.999999800130155
9.771921283718e-05,0.00113689942828099,0.998863100571719,0.00113689942828099,0.999999800126594
0.000100462506171734,0.00110585842606437,0.998894141573936,0.00110585842606437,0.99999980012313
0.000103282812594103,0.00107566483704657,0.998924335162953,0.00107566483704657,0.999999800119761
0.000106182294109938,0.00104629553282765,0.998953704467172,0.00104629553282765,0.999999800116485
0.000109163173419361,0.00101772801592692,0.998982271984073,0.00101772801592692,0.999999800113299
0.000112227735620851,0.000989940402591039,0.999010059597409,0.000989940402591039,0.999999800110199
0.000115378329962966,0.000962911406068523,0.999037088593931,0.000962911406068523,0.999999800107185
0.000118617371645248,0.00093662032033881,0.999063379679661,0.00093662032033881,0.999999800104253
0.000121947343669674,0.000911047004285237,0.999088952995715,0.000911047004285237,0.999999800101402
0.000125370798744092,0.000886171866296803,0.999113828133703,0.000886171866296803,0.999999800098629
0.000128890361239089,0.000861975849289598,0.99913802415071,0.000861975849289598,0.999999800095931
0.000132508729199795,0.000838440416136454,0.999161559583864,0.000838440416136454,0.999999800093308
0.000136228676414165,0.000815547535491845,0.999184452464508,0.000815547535491845,0.999999800090756
0.000140053054539322,0.000793279668003244,0.999206720331997,0.000793279668003244,0.999999800088274
0.000143984795287601,0.00077161975289719,0.999228380247103,0.00077161975289719,0.999999800085861
0.000148026912673951,0.000750551194931726,0.999249448805068,0.000750551194931726,0.999999800083513
0.000152182505326439,0.000730057851702104,0.999269942148298,0.000730057851702104,0.999999800081229
0.00015645475886161,0.000710124021293779,0.999289875978706,0.000710124021293779,0.999999800079009
0.000160846948326536,0.000690734430270901,0.999309265569729,0.000690734430270901,0.999999800076849
0.000165362440709418,0.000671874221991442,0.999328125778009,0.000671874221991442,0.999999800074748
0.000170004697520672,0.000653528945241066,0.999346471054759,0.000653528945241066,0.999999800072704
0.000174777277446468,0.000635684543176751,0.999364315456823,0.000635684543176751,0.999999800070717
0.000179683839076772,0.000618327342570835,0.999381672657429,0.000618327342570835,0.999999800068783
0.000184728143709964,0.000601444043348498,0.999398555956652,0.000601444043348498,0.999999800066903
0.000189914058236194,0.000585021708410127,0.99941497829159,0.000585021708410127,0.999999800065074
0.000195245558101686,0.000569047753731011,0.999430952246269,0.000569047753731011,0.999999800063295
0.000200726730356257,0.000553509938730379,0.99944649006127,0.000553509938730379,0.999999800061566
0.000206361776786386,0.000538396356903781,0.999461603643096,0.000538396356903781,0.999999800059883
0.000212155017136245,0.000523695426709381,0.999476304573291,0.000523695426709381,0.999999800058246
0.000218110892419152,0.000509395882703712,0.999490604117296,0.000509395882703712,0.999999800056654
0.000224233968321985,0.000495486766918463,0.999504513233082,0.000495486766918463,0.999999800055106
0.000230528938705171,0.000481957420472412,0.999518042579528,0.000481957420472412,0.9999998000536
0.000237000629200933,0.000468797475411509,0.999531202524588,0.000468797475411509,0.999999800052135
0.000243654000912547,0.000455996846772777,0.999544003153227,0.000455996846772777,0.99999980005071
0.00025049415421745,0.000443545724862271,0.999556454275138,0.000443545724862271,0.999999800049324
0.00025752633267712,0.000431434567745748,0.999568565432254,0.000431434567745748,0.999999800047976
0.000264755927056707,0.000419654093942845,0.999580345906057,0.000419654093942845,0.999999800046665
0.000272188479457518,0.000408195275320211,0.99959180472468,0.000408195275320211,0.99999980004539
0.000279829687565512,0.000397049330179366,0.999602950669821,0.000397049330179366,0.99999980004415
0.000287685409019059,0.000386207716532416,0.999613792283468,0.000386207716532416,0.999999800042943
0.000295761665899326,0.000375662125560949,0.999624337874439,0.000375662125560949,0.99999980004177
0.000304064649346707,0.000365404475253572,0.999634595524746,0.000365404475253572,0.999999800040628
0.00031260072430687,0.000355426904216971,0.999644573095783,0.000355426904216971,0.999999800039518
0.000321376434410028,0.000345721765655504,0.999654278234344,0.000345721765655504,0.999999800038439
0.000330398506987186,0.000336281621515444,0.999663718378485,0.000336281621515444,0.999999800037388
0.000339673858227221,0.000327099236787864,0.999672900763212,0.000327099236787864,0.999999800036367
0.000349209598478727,0.00031816757396852,0.999681832426031,0.00031816757396852,0.999999800035373
0.000359013037700707,0.000309479787666933,0.999690520212333,0.000309479787666933,0.999999800034407
0.000369091691066277,0.000301029219364368,0.999698970780636,0.000301029219364368,0.999999800033467
0.000379453284723694,0.000292809392313242,0.999707190607687,0.000292809392313242,0.999999800032552
0.000390105761719099,0.000284814006576539,0.999715185993423,0.000284814006576539,0.999999800031663
0.00040105728808555,0.000277036934202668,0.999722963065797,0.000277036934202668,0.999999800030798
0.000412316259102975,0.000269472214530553,0.999730527785469,0.000269472214530553,0.999999800029957
0.000423891305733878,0.000262114049625062,0.999737885950375,0.000262114049625062,0.999999800029138
0.000435791301239703,0.000254956799834782,0.999745043200165,0.000254956799834782,0.999999800028342
0.000448025367982949,0.000247994979472255,0.999752005020528,0.000247994979472255,0.999999800027568
0.00046060288442024,0.000241223252611777,0.999758776747388,0.000241223252611777,0.999999800026815
0.000473533492291712,0.000234636429001234,0.999765363570999,0.000234636429001234,0.999999800026082
0.000486827104012228,0.000228229460086937,0.999771770539913,0.000228229460086937,0.99999980002537
0.000500493910270095,0.00022199743514506,0.999778002564855,0.00022199743514506,0.999999800024677
0.000514544387839092,0.000215935577519866,0.99978406442248,0.000215935577519866,0.999999800024003
0.000528989307609816,0.00021003924096441,0.999789960759036,0.00021003924096441,0.999999800023347
0.00054383974284648,0.000204303906080727,0.999795696093919,0.000204303906080727,0.999999800022709
0.000559107077675529,0.000198725176857373,0.999801274823143,0.000198725176857373,0.999999800022089
0.000574803015812535,0.000193298777301232,0.999806701222699,0.000193298777301232,0.999999800021485
0.000590939589534098,0.000188020548161805,0.999811979451838,0.000188020548161805,0.999999800020899
0.000607529168901608,0.000182886443744201,0.999817113556256,0.000182886443744201,0.999999800020328
0.000624584471243962,0.000177892528809176,0.999822107471191,0.000177892528809176,0.999999800019773
0.000642118570906476,0.000173034975558539,0.999826965024441,0.000173034975558539,0.999999800019232
0.000660144909273488,0.000168310060701615,0.999831689939298,0.000168310060701615,0.999999800018707
0.00067867730507233,0.000163714162602857,0.999836285837397,0.000163714162602857,0.999999800018196
0.000697729964966554,0.000159243758506622,0.999840756241493,0.000159243758506622,0.999999800017699
0.000717317494446561,0.000154895421837775,0.999845104578162,0.000154895421837775,0.999999800017216
0.000737454909025955,0.000150665819576346,0.999849334180424,0.000150665819576346,0.999999800016745
0.000758157645752212,0.000146551709703568,0.999853448290296,0.000146551709703568,0.999999800016288
0.000779441575040495,0.000142549938717096,0.999857450061283,0.000142549938717096,0.999999800015843
0.000801323012839689,0.000138657439215484,0.999861342560785,0.000138657439215484,0.99999980001541
0.00082381873313996,0.00013487122754674,0.999865128772453,0.00013487122754674,0.999999800014989
0.000846945980831459,0.000131188401522486,0.999868811598478,0.000131188401522486,0.99999980001458
0.000870722484923992,0.00012760613819407,0.999872393861806,0.00012760613819407,0.999999800014182
0.00089516647213783,0.000124121691688739,0.999875878308311,0.000124121691688739,0.999999800013795
0.000920296680876041,0.000120732391106215,0.999879267608894,0.000120732391106215,0.999999800013418
0.000946132375589078,0.000117435638471441,0.999882564361529,0.000117435638471441,0.999999800013051
0.000972693361542618,0.000114228906743619,0.999885771093256,0.000114228906743619,0.999999800012695
0.001,0.000111109737879866,0.99988889026212,0.000111109737879866,0.999999800012348
